Rank,Institution,Underwriter/Rail,Bureau (business HARD pull),Bureau detail,Hard/Soft,Product,Secondary pulls,Evidence grade,DP date(s),Source link,Key DP / note
79,Banner Bank,SELF,UNKNOWN,UNKNOWN bureau; personal pull confirmed structurally (guarantor SSN/DOB/household income on app),HARD presumed (full guarantor underwriting fields),Business Platinum MC / Business Cash Rewards; application PD,None documented,VERIFIED-disclosure,App PDF current 2025-2026,https://www.bannerbank.com/-/media/project/banner-bank/dotcom/pdfs/business-platinum-application.pdf,"Banner Business Platinum application PDF collects Company Guarantor SSN, DOB, annual household income, bank deposits, % business owned - per"
80,ORANGE COUNTY'S FEDERAL CREDIT UNION,SELF,MIXED (lead EX),EXPERIAN - own FAQ/knowledge base states: 'typically pulls a report from Experian when qualifying you for a consumer loa,HARD Experian for loan/card qualification (per own,FAQ wording covers CONSUMER loans; Business MC is branch/pho,None disclosed,VERIFIED-disclosure,KB undated (live 2026-06),http://www.fuzeqna.com/orangecountys/ext/kb218-credit-bureau-report-experian-equifax-transunion-what-credit-agencies-do-you-use-to-pull-credit-reports,Official KB answer (fuzeqna/orangecountys) - rare institution-published bureau disclosure
1,"Bank of America, National Association",SELF,MIXED (lead EX),EX-usual (CA mixed: EX/TU/EQ),HARD (personal report; PG-based),Business card (Business Advantage line); WalletHub biz-speci,None documented (no SageStream/ARS/LexisNexis DPs found),COMMUNITY-DP,DoC dataset multi-year (page maintained),https://www.doctorofcredit.com/credit-bureau-bank-america-pull/,DoC consumer dataset 129 DPs: EX 82.17%/TU 10.85%/EQ 6.98% | DoC California consumer: EX 15 / TU 6 / EQ 4 | WalletHub: BofA Unlimited Cash R
3,"JPMorgan Chase Bank, N.A. (Ink)",SELF,MIXED (lead EX),Experian dominant in CA (~70%+ of Chase pulls nationally; CA combined chart EX 44 / EQ 11 / TU 1); Ink-specific CA chart,HARD personal pull on every Ink application (all v,Ink Cash/Unlimited/Preferred/Premier all hard-pull personal ,None routinely reported for Ink; no SageStream/LexisNexis DP,COMMUNITY-DP,chart data 2008-2014 (last update 2014-0,https://www.doctorofcredit.com/knowledge-base/which-credit-bureau-does-chase-pull/,"DoC state chart CA: 'Experian 44 (EX+TU 1), TransUnion 1, Equifax 11'; Ink CA row 'Experian 2, Equifax 3' — chart compiled from CreditBoards"
4,U.S. Bank National Association,SELF,MIXED (lead TU),TU-usual for business (CA consumer: TU 47%/EX 26%/EQ 5%),HARD (personal report; PG),Business cards (Triple Cash / Business Platinum / Business S,SageStream (IDA) + ARS (Advanced Resolution Services) pulled,COMMUNITY-DP,myFICO threads 2021-2025; DoC dataset on,https://ficoforums.myfico.com/t5/Business-Credit/US-Bank-Business-Platinum-Approval-35-000/td-p/6608888,myFICO Business Credit board: US Bank Business Platinum approvals report TU pulls (e.g. $35K approval thread 6608888; $20K approval thread 6
8,First-Citizens Bank & Trust Company,SELF,MIXED (lead MIXED),Mixed/all-three reported (single DP: pulls all 3 personal + blends with business data),HARD (personal),Business card (Low Interest Business Visa) - DP is biz-card-,None documented,COMMUNITY-DP,Thread ~2024-2025,https://ficoforums.myfico.com/t5/Business-Credit/20k-First-Citizens-Low-Interest-Business-CC-approval/td-p/6704468,myFICO 6704468: $20K Low Interest Business CC auto-approval <30 min; snippet states First Citizens 'pulls all three bureaus for personal and
9,BMO Bank National Association,SELF,TRANSUNION,TransUnion - BMO business Platinum card cited as a 'pulls TransUnion only' card; BMO consumer cards also TU-dominant; BL,HARD on personal at application (cards); BLOC = fu,Business card (Business Platinum 0%/18mo) vs BLOC distinct: ,None reported,COMMUNITY-DP,2023-2025,https://fairfigure.com/blog/business-credit-cards-that-pull-transunion,FairFigure: 'BMO Platinum Card pulls TransUnion only'; myFICO BLOC approval thread 6728350; consumer BMO Harris approvals consistently TU
11,BANC OF CALIFORNIA,Elan,TU (rail),"Elan rail: TransUnion most common in recent myFICO business-card DPs, but Banc of California specifically has DPs of Exp",HARD personal pull (1 per application; multiple El,Same Elan business stack (Cash Preferred/Smart/Real Rewards),None documented; Elan is a U.S. Bank subsidiary — no ARS/Sag,COMMUNITY-DP,threads ~2023-2025 (indexed snippets; my,https://ficoforums.myfico.com/t5/Business-Credit/Elan-Financial-Credit-Pulls/td-p/6244031,myFICO 'Elan Financial Credit Pulls' (6244031): Banc of California Elan app pulled Experian 'instead of Equifax like last time'; myFICO 6666
33,"PNC Bank, National Association",SELF,EXPERIAN,Experian-leaning for PNC Visa Business per WalletHub + CreditBoards ('Does PNC only ever pull Experian?'); some sources ,HARD on personal at application; PNC does NOT repo,Business card (PNC Visa Business; BusinessOptions commercial,None reported,COMMUNITY-DP - EX,2022-2026,https://wallethub.com/answers/cc/what-credit-bureau-does-pnc-visa-business-credit-card-use-1000625-2140778516/,WalletHub Q&A specifically for PNC Visa Business: 'normally uses Experian; sometimes TU or EQ'; CreditBoards thread consensus EX
35,Umpqua Bank,Elan,TU (rail),Follows-rail: TU-usual; CONFLICTING DP: Umpqua WA loan officer said 'Experian for credit cards' (myFICO Which-Report-Wil,HARD,Business card (Business Platinum / Real Rewards via Elan bra,None documented,RAIL-INFERENCE + COMMUNITY-DP,EX DP ~2022-2024; Elan biz DPs 2023-2025,https://ficoforums.myfico.com/t5/General-Credit-Topics/Which-Report-Will-They-Pull-Part-2/td-p/6379773/page/19,Loan-officer DP (WA): EX for credit cards + auto - from myFICO 6379773 page 19 | myFICO 6658960: 2x Elan business cards $10K each - both pul
57,Washington Federal Bank (WaFd),SELF,UNKNOWN,Bureau UNKNOWN; HARD personal-credit underwriting CONFIRMED — WaFd states business card 'underwriting is based on your p,HARD personal pull (underwriting on personal credi,Small Business Cash Back Visa (personal-credit underwritten),Unknown,COMMUNITY-DP,approval thread ~2023-2024,https://ficoforums.myfico.com/t5/Business-Credit/WaFd-Bank-Business-Visa-Approval/td-p/6674742,"myFICO 6674742 'WaFd Bank Business Visa Approval': $15,000 limit, 13.99% purchases; WaFd left Elan rail and self-issues since ~2022"
60,"Citizens Bank, National Association",SELF,EXPERIAN,Experian (current). HISTORY: Citizens Biz MC was famous on myFICO for NO hard pull on personal (soft EQ + bank statement,Formerly SOFT-only on personal (dead); NOW HARD Ex,Business card (Everyday Points Business MC); CLI = HP per se,Experian Business + D&B on the business side; no SageStream/,COMMUNITY-DP - EX,2020-2024 DP trail,https://ficoforums.myfico.com/t5/Business-Credit/Citizens-Bank-Biz-MC-no-hard-pull-on-personal-CR/td-p/6136715/page/2,myFICO Business-Credit board has multi-year DP trail: 6136715 (no hard pull era) -> 6666893 (soft pull is dead - now HP EX)
132,LOS ANGELES FEDERAL CREDIT UNION,SELF,MIXED (lead TU),"TransUnion primary — myFICO DPs: membership hard pull hits TU; LAFCU described as 'pulls TransUnion only, reports to TU+",HARD (TU for membership; TU or EQ reported on card,DPs consumer (Visa Variable/membership); Business Rewards Pl,None reported,COMMUNITY-DP,DP thread ~2022-2024; older threads 2010,https://ficoforums.myfico.com/t5/Personal-Finance/Los-Angeles-Federal-Credit-Union-DP-and-Info/td-p/6596415,"myFICO 'LAFCU - DP and Info' (6596415): recent membership = TU hard, no docs, ~2 days, poor comms; older threads (838290, 3867276) note EQ o"
2,"Wells Fargo Bank, National Association",SELF,MIXED (lead EX),Experian most-cited for WF card apps in California; WF officially reserves right to use any of EX/EQ/TU; some reports of,HARD on personal at application (personal credit p,Business card (Signify Business Cash) - consumer WF DPs domi,Possible 2nd TU pull on business apps (weak single-source cl,CONSUMER-PROXY,2023-2026,https://wallethub.com/answers/cc/what-credit-bureau-does-wells-fargo-use-1000625-2140670136/,WalletHub consensus: WF usually pulls Experian (state-dependent); CA anecdotes = EX; thecreditpeople (AI-content site - low weight) claims C
5,CITY NATIONAL BANK,SELF,EXPERIAN,Experian per consumer Crystal Infinite DPs (myFICO: 'only pulled Experian'; manual underwriting in-branch); NO DPs exist,HARD presumed on personal for commercial card via ,COMMERCIAL card only (no small-biz card); bureau evidence is,None reported,CONSUMER-PROXY - EX,2019-2021 (Crystal DPs; dated),https://ficoforums.myfico.com/t5/Credit-Card-Approvals/City-National-Bank-Crystal-Infinite-Approval/td-p/5699698,myFICO 5699698 Crystal Infinite approval: Experian-only pull + paper app + manual UW; commercial card requires PFS + Single Name Aggregate E
6,"Citibank, N.A. (AAdvantage Biz / Costco Biz)",SELF,EXPERIAN,Experian or Equifax most common nationally; AAdvantage Business DPs skew Experian; no clean CA-specific business chart f,HARD personal pull on business card applications,AAdvantage Business and Costco Anywhere Business both hard-p,No SageStream/LexisNexis/ARS DPs surfaced for Citi biz cards,CONSUMER-PROXY,2024-2026 (wallethub/DoC pages current);,https://wallethub.com/answers/cc/what-credit-bureau-does-citi-aadvantage-business-world-elite-mastercard-use-1000625-2140751670/,Wallethub: 'Citi AAdvantage Business mainly uses Experian... may use TransUnion or Equifax instead'; DoC issuer list: Citi 'Normally Experia
20,"Zions Bancorporation, N.A.",SELF,MIXED (lead TU),Mixed TU/EQ/EX by geography (consumer DPs); no biz-card bureau DP found,HARD (no soft-pull prequal option),Consumer-card DPs only; biz (AmaZing Business) bureau unconf,None documented,CONSUMER-PROXY,Consumer threads 2008-2023 (old); biz th,https://ficoforums.myfico.com/t5/Business-Credit/ZIONS-Bank-biz-cards-holders/td-p/6675550,myFICO consumer threads: Zions pulls 'all over the board between TU/EQ/EX depending on geographical location' | WalletHub/SuperMoney: AmaZin
27,REDWOOD CREDIT UNION,SELF,EQUIFAX,EQ (EQ FICO 5 for ALL credit products incl CLIs),HARD,Consumer-card DPs ('Platinum' approvals) but DP states EQ us,None documented,CONSUMER-PROXY,Thread 2024-2025,https://ficoforums.myfico.com/t5/Credit-Card-Approvals/Redwood-Credit-Union-For-The-Win/td-p/6675557,myFICO 6675557 'Redwood Credit Union For The Win': RCU pulls EQ FICO 5 for all credit products and CLIs; corroborated in TU-puller list thre
29,PATELCO CREDIT UNION,SELF,MIXED (lead EX),Experian — myFICO consensus 'Patelco always pulls Experian' (older threads note EX or TU possible if file frozen); all D,HARD pull at application; soft-pull prequal link e,"DPs are consumer-card (Pure MC, Points MC); Business Rewards",None reported,CONSUMER-PROXY,threads span ~2008-2024 (legacy + recent,https://ficoforums.myfico.com/t5/Credit-Cards/Credit-Unions-that-pull-Experian/td-p/1075292,"myFICO approval threads: Points MC $25K (6585690), Pure MC $10K (6314291); 'Credit Unions that pull Experian' (1075292) lists Patelco; credi"
31,LOGIX FEDERAL CREDIT UNION,SELF,EXPERIAN,EX (EX for membership AND credit products; older DPs say EX FICO 04/Classic),HARD online; DP says phone/call-in apps may get SO,Consumer-card DPs (Platinum/Platinum Rewards MC); business S,None documented,CONSUMER-PROXY,DPs 2013-2023 (older); reuse DP more rec,https://ficoforums.myfico.com/t5/Credit-Cards/Logix-Credit-Union-what-EX-score-do-they-use/td-p/2564303,myFICO DPs: HP on EX for membership and same pull reused for credit products (REUSE-WINDOW DP) | banker used checking-app EX FICO 774 to sub
34,SAN DIEGO COUNTY CREDIT UNION,SELF,EXPERIAN,Experian — membership + card DPs on myFICO report EX hard pull; members report SDCCU RE-USES the membership hard pull fo,HARD (Experian); single pull reused across members,DPs from consumer Visa apps; business Visa ($5k-$20k) assume,None reported,CONSUMER-PROXY,thread ~2024-2025,https://ficoforums.myfico.com/t5/Credit-Cards/San-DIego-County-Credit-Union-SDCCU-Does-anyone-have-any-DP-s-or/td-p/6761567,myFICO thread 6761567 ('SDCCU DPs?'): membership inquiry believed EX; 'some members report SDCCU re-uses the hard pull for credit card appli
41,KINECTA FEDERAL CREDIT UNION,SELF,EXPERIAN,EX (single consumer DP),"HARD; REUSE DP: '2nd Personal Kinecta FCU CC, Same",Consumer-card DPs (MyPower/personal MC); MyPro Business MC b,None documented,CONSUMER-PROXY,Thread ~2023-2024,https://ficoforums.myfico.com/t5/Credit-Card-Approvals/I-m-Embarra-ed-2nd-Personal-Kinecta-FCU-CC-Same-HP/td-p/6520919,myFICO 6520919: 2nd personal Kinecta CC approved on same EX hard pull (reuse-window DP); 'Kinecta EX hard pull' DP for MyPower
45,CALIFORNIA FEDERAL CREDIT UNION (California Credit Union / ccu.com),SELF,MIXED (lead EX),"Experian per myFICO DP ('after CCU and North Island merged they pull Experian, 650 min score for any product'); one conf",HARD at application,DPs are consumer-card/membership; Business Platinum/Rewards ,None reported,CONSUMER-PROXY,thread ~2020-2022 ('a couple years ago' ,https://ficoforums.myfico.com/t5/Credit-Cards/Any-Info-California-Credit-Union/td-p/5877067,myFICO 'Any Info California Credit Union' (5877067): EX + 650 floor post-merger; another user 'believed CCU pulled TransUnion' for their car
55,SAFE CREDIT UNION,SELF,TRANSUNION,TransUnion per CA consumer DPs: 'pulls TU for membership and pulls again when applying for cards - no reuse',HARD TU for card apps (consumer DPs); membership a,Bureau evidence is from CONSUMER Platinum Cash Rewards; Busi,ChexSystems at membership; no SageStream/LexisNexis DPs,CONSUMER-PROXY - TU,2020-2022,https://ficoforums.myfico.com/t5/Credit-Cards/Safe-Credit-Union-California-membership-and-cash-rewards-credit/td-p/6150354,myFICO 6150354: TU membership + new TU pull per card / no pull-reuse; 6362156: $25K Cash Rewards approval; 6416114: membership denied on Che
61,STANFORD FEDERAL CREDIT UNION,SELF,UNKNOWN,UNKNOWN bureau — SFCU marketing says rate-check/prequal is a soft pull ('soft pull on your credit so it will not affect ,Soft for prequal/rate-check (per SFCU pages); HARD,"Business Rewards Visa (640 min FICO, 2yr biz, 6-mo biz check",Experian relationship exists for score monitoring (not appli,CONSUMER-PROXY,thread ~2023-2024,https://ficoforums.myfico.com/t5/Credit-Cards/Stanford-FCU-Tech-Card-Any-experiences/td-p/6723581,myFICO 6723581 (Tech card thread): 'same hard pull would work for membership as well as any other products for 30 or 60 days' — pull-reuse w
69,PROVIDENT CREDIT UNION,SELF,UNKNOWN,"UNKNOWN bureau — SuperMoney confirms hard pull on application and that card REPORTS to all 3 bureaus (consumer card), bu",HARD at application (no soft prequal offered per S,Consumer Visa Signature data only; Business Rewards Visa + S,Unknown,CONSUMER-PROXY,SuperMoney page current 2026,https://www.supermoney.com/reviews/personal-credit-cards/provident-credit-union-cash-back-visa-signature-credit-card,"SuperMoney review: 'performs a hard credit pull when you apply... reports to Equifax, Experian, and TransUnion' (reporting ≠ pulling)"
85,ALTURA FEDERAL CREDIT UNION,SELF,EXPERIAN,Experian per myFICO DPs ('Altura pulls EXP'); $20K Altura MC instant approval DP exists,HARD Experian (consumer card DPs),Bureau evidence is from CONSUMER Mastercard; Business Platin,None reported,CONSUMER-PROXY - EX,2014-2023 (mixed-age threads),https://ficoforums.myfico.com/t5/Credit-Card-Approvals/A-few-approvals/td-p/6680344,myFICO 6680344 'A few approvals': $20K Altura MC instant approval; 4178643 Inland Empire thread: EXP pull
89,MidFirst Bank,SELF,MIXED (lead EX),"Mixed/any of three (WalletHub: 'may use EX, EQ, or TU... anecdotal')",HARD,Consumer-card answer (MidFirst Rewards); business card burea,None documented,CONSUMER-PROXY,WalletHub answer 2023-2025,https://wallethub.com/answers/cc/what-credit-bureau-does-midfirst-bank-use-1000625-2140758323/,"WalletHub: MidFirst may pull any of EX/EQ/TU - unfreeze all three before applying; hard inquiry confirmed | myFICO 4706395 old thread, no fi"
103,FIRST ENTERTAINMENT CREDIT UNION,SELF,EXPERIAN,Experian only — credit union told applicant 'they pull EX only' (myFICO thread; applicant oddly couldn't find the inquir,HARD at application (per thread context),DP is consumer-card era (2010 vintage thread); Preferred Cas,None reported,CONSUMER-PROXY,thread ~2010 — STALE,https://ficoforums.myfico.com/t5/Credit-Cards/First-Entertainment-Credit-Union-Info-anyone/td-p/2577071,myFICO 'First Entertainment Credit Union… Info anyone?' (2577071): EX-only per CU statement
116,KEYPOINT CREDIT UNION,SELF,EXPERIAN,Experian — wallethub Q&A: Visa Classic app = hard pull on Experian; BBB complaint also ties a KeyPoint hard inquiry to E,HARD (Experian) for card apps; membership join is ,DPs are consumer Visa Classic; business Visa (online app w/ ,None reported,CONSUMER-PROXY,wallethub/BBB pages current 2025-2026; u,https://wallethub.com/answers/cc/keypoint-visa-classic-card-hard-pull-1000364-2140888466/,wallethub: 'KeyPoint Visa Classic does a hard inquiry... hard pull on Experian (EX)'; BBB complaint references EX inquiry from KeyPoint
126,"UMB Bank, National Association",SELF,TRANSUNION,TU-usual (consumer DPs); biz Visa Signature Business Rewards bureau unconfirmed but same underwriting shop,HARD (apps AND credit-limit increases are hard pul,Consumer-card DPs (Simply Rewards thread asks/answers bureau,None documented,CONSUMER-PROXY,Threads 2021-2025,https://ficoforums.myfico.com/t5/Credit-Card-Applications/UMB-Simply-Rewards-Which-Bureau-is-Pulled/td-p/6287579,myFICO 6287579 'UMB Simply Rewards - Which Bureau is Pulled?': UMB usually pulls TU | myFICO 6804033: CLIs are HARD pull; UMB very sensitive
14,CATHAY BANK,Elan,TU (rail),"Follows-rail: TU-usual, EX/EQ possible (Elan picks bureau, not Cathay)",HARD (personal; Elan inquiry shows as 'Elan Financ,Business card (MC Business Platinum / Business Platinum Rewa,None documented for Elan,RAIL-INFERENCE,Elan biz DPs 2023-2025,https://ficoforums.myfico.com/t5/Business-Credit/Elan-Business-Cards-Credit-Bureau-Pull/td-p/6666184,No Cathay-specific business DPs found. myFICO 6658960: 2x Elan business cards $10K each - both pulled TU | myFICO 6666184 thread consensus: 
16,MECHANICS BANK,Elan,TU (rail),Elan rail: TransUnion most-cited for Elan BUSINESS cards; Experian DPs also exist (partner/geo-dependent); Elan states i,HARD on personal credit at application; no ongoing,Business card (Elan storefront: Cash Preferred/Smart Busines,None reported,RAIL-INFERENCE,2022-2025 (myFICO thread era),https://ficoforums.myfico.com/t5/Business-Credit/Elan-Business-Cards-Credit-Bureau-Pull/td-p/6666184,myFICO Business-Credit threads: users report Elan biz cards pulling TU only; one Banc of California (Elan) DP shows EX on 2nd card after EQ 
24,"CITIZENS BUSINESS BANK, NATIONAL ASSOCIATION",Elan,TU (rail),Elan rail: TU most-cited for Elan business cards; EX DPs exist; bureau geo/partner-dependent,HARD on personal at application; delinquency-only ,Business card (Elan MC Business + One Card commercial),None reported,RAIL-INFERENCE,2022-2025,https://ficoforums.myfico.com/t5/Business-Credit/Elan-Business-Cards-Credit-Bureau-Pull/td-p/6666184,Same rail evidence as all Elan partners; no CBB-specific pull DP located
25,FARMERS AND MERCHANTS BANK OF LONG BEACH,Elan,TU (rail),Elan rail inference: TransUnion most common per myFICO business DPs; Experian/Equifax also documented rail-wide; Elan: ',HARD personal pull,Elan business menu (Cash Preferred/Smart/Real Rewards); rail,None documented for Elan biz apps,RAIL-INFERENCE,rail threads ~2023-2025,https://ficoforums.myfico.com/t5/Business-Credit/Elan-Business-Cards-Credit-Bureau-Pull/td-p/6666184,No F&M-of-Long-Beach-specific pull DP indexed; rail DPs: TU-heavy with EX/EQ variance (see Banc of California row); Elan biz cards report to
36,HANMI BANK,Elan,TU (rail),Elan rail: TU most-cited; EX secondary; any of 3 possible per Elan,HARD on personal at application,Business card (Elan: Zero+/Real Rewards/Cash Preferred/Smart,None reported,RAIL-INFERENCE,2022-2025,https://ficoforums.myfico.com/t5/Business-Credit/Elan-Business-Cards-Credit-Bureau-Pull/td-p/6666184,No Hanmi-specific DP found on myFICO/Reddit/DoC
38,PREFERRED BANK,Elan,TU (rail),Elan rail inference: TU most common; EX/EQ also seen rail-wide; Elan 'randomly pulls one or more' bureaus,HARD personal pull,Elan business stack; no Preferred-Bank-specific DP found,None documented,RAIL-INFERENCE,rail threads ~2023-2025,https://ficoforums.myfico.com/t5/Business-Credit/Elan-Business-Cards-Credit-Bureau-Pull/td-p/6666184,No institution-specific DP indexed; see Elan rail rows
48,WESTAMERICA BANK,Elan,TU (rail),Elan rail: TU most-cited; EX DPs exist,HARD on personal at application,Business card (Elan storefront),None reported,RAIL-INFERENCE,2022-2025,https://ficoforums.myfico.com/t5/Business-Credit/Elan-Business-Cards-Credit-Bureau-Pull/td-p/6666184,No Westamerica-specific DP found
59,BANK OF STOCKTON,Elan,TU (rail),"Follows-rail: TU-usual, EX/EQ possible (Elan picks bureau)",HARD (inquiry shows as Elan Financial Services),Business Visa via Elan (mycardapply portal); no bank-specifi,None documented for Elan,RAIL-INFERENCE,Elan biz DPs 2023-2025,https://ficoforums.myfico.com/t5/Business-Credit/Elan-Business-Cards-Credit-Bureau-Pull/td-p/6666184,No Bank of Stockton-specific DPs found. myFICO 6658960: 2x Elan business cards $10K each - both pulled TU | myFICO 6666184: 'Elan tends to p
63,BANK OF MARIN,Elan,TU (rail),Elan rail: TU most-cited; EX DPs exist,HARD on personal at application,Business card (Elan suite),None reported,RAIL-INFERENCE,2022-2025,https://ficoforums.myfico.com/t5/Business-Credit/Elan-Business-Cards-Credit-Bureau-Pull/td-p/6666184,No Bank of Marin-specific DP found
64,"CALIFORNIA BANK OF COMMERCE, N.A.",Elan,TU (rail),Elan rail inference: TU most common; EX/EQ also seen rail-wide,HARD personal pull,Elan business stack + separate commercial card portal (comme,None documented,RAIL-INFERENCE,rail threads ~2023-2025,https://ficoforums.myfico.com/t5/Business-Credit/Elan-Business-Cards-Credit-Bureau-Pull/td-p/6666184,No institution-specific DP indexed
66,ROYAL BUSINESS BANK,Elan,TU (rail),"Follows-rail: TU-usual, EX/EQ possible (Elan picks; sister Elan-agent Banc of California DPs showed EQ and EX)",HARD (shows as Elan Financial Services),Business cards via Elan creditcardlearnmore portal (Cash Pre,None documented for Elan,RAIL-INFERENCE,Elan biz DPs 2023-2025,https://ficoforums.myfico.com/t5/Business-Credit/Elan-Business-Cards-Credit-Bureau-Pull/td-p/6666184,myFICO 6658960: 2x Elan biz cards $10K each - both TU | myFICO 6666184: 'Elan tends to pull TransUnion'; Elan CS: 'randomly pull from one or
72,"Flagstar Bank, National Association",FNBO,EX (rail),FNBO rail: Experian primary for card apps (incl. business); occasional Equifax split DPs; business pre-qual explicitly u,HARD on personal at application; biz cards do not ,Business card (Business Edition Visa via card.fnbo.com incl.,None reported,RAIL-INFERENCE,2015-2025 (long-running DoC/myFICO conse,https://www.doctorofcredit.com/first-national-bank-omaha-fnbo-credit-cards-list-rules-best-offers/,DoC FNBO page: biz + personal pulls NOT combined even same-day; myFICO 4201816 = EX consensus
76,BANK OF THE SIERRA,Elan,TU (rail),"Follows-rail: TU-usual, EX/EQ possible",HARD (shows as Elan Financial Services),Business cards via Elan (Cash Preferred 0% 12cyc / Real Rewa,None documented for Elan,RAIL-INFERENCE,Elan biz DPs 2023-2025,https://ficoforums.myfico.com/t5/Business-Credit/Elan-Business-Cards-Credit-Bureau-Pull/td-p/6666184,myFICO 6658960: 2x Elan biz cards $10K each - both TU | myFICO 6666184: 'Elan tends to pull TransUnion'; Elan CS: 'randomly pull from one or
77,PCB BANK,Elan,TU (rail),Elan rail: TU most-cited; EX DPs exist,HARD on personal at application,Business card (Elan suite),None reported,RAIL-INFERENCE,2022-2025,https://ficoforums.myfico.com/t5/Business-Credit/Elan-Business-Cards-Credit-Bureau-Pull/td-p/6666184,No PCB-specific DP found
78,EXCHANGE BANK,Elan,TU (rail),Elan rail inference: TU most common; EX/EQ also seen rail-wide,HARD personal pull,Elan business stack (Cash Preferred 0% 12cyc etc.),None documented,RAIL-INFERENCE,rail threads ~2023-2025,https://ficoforums.myfico.com/t5/Business-Credit/Elan-Business-Cards-Credit-Bureau-Pull/td-p/6666184,No institution-specific DP indexed
87,OPEN BANK,Elan,TU (rail),Elan rail inference: TU most common; EX/EQ also seen rail-wide,HARD personal pull,Elan business menu,None documented,RAIL-INFERENCE,rail threads ~2023-2025,https://ficoforums.myfico.com/t5/Business-Credit/Elan-Business-Cards-Credit-Bureau-Pull/td-p/6666184,No institution-specific DP indexed
105,FIRST NORTHERN BANK OF DIXON,Elan,TU (rail),Elan rail: TU most-cited; EX DPs exist,HARD on personal at application,Business card (Elan Cash Preferred/Real Rewards),None reported,RAIL-INFERENCE,2022-2025,https://ficoforums.myfico.com/t5/Business-Credit/Elan-Business-Cards-Credit-Bureau-Pull/td-p/6666184,No First Northern-specific DP found
107,COMMONWEALTH BUSINESS BANK,Elan,TU (rail),"Follows-rail: TU-usual, EX/EQ possible (Elan picks bureau)",HARD (inquiry shows as Elan Financial Services),Business Real Rewards via Elan (0% 6 cyc),None documented for Elan,RAIL-INFERENCE,Elan biz DPs 2023-2025,https://ficoforums.myfico.com/t5/Business-Credit/Elan-Business-Cards-Credit-Bureau-Pull/td-p/6666184,No Commonwealth Business Bank-specific DPs found. myFICO 6658960: 2x Elan biz cards $10K each - both TU | myFICO 6666184: 'Elan tends to pul
108,MISSION BANK,TCM,TU (rail),TCM Bank (ICBA) rail: bureau NOT well documented; single weak signal = BBB complaint referencing Experian inquiry; no my,HARD pull on personal credit presumed (standard fo,Business card (TCM Rewards/Cash Back/Purchasing via Mission ,None reported,RAIL-INFERENCE,BBB complaint undated (located 2026-06),https://wallethub.com/profile/tcm-bank-13006306i,Searched myFICO + Reddit + DoC + WalletHub: essentially zero TCM pull DPs in the wild; TCM is too low-volume for community DP coverage
128,STATE BANK OF INDIA (CALIFORNIA),Elan,TU (rail),Elan rail: TU most-cited; EX DPs exist,HARD on personal at application,Business card (Elan; 'creditor and issuer is Elan Financial ,None reported,RAIL-INFERENCE,2022-2025,https://ficoforums.myfico.com/t5/Business-Credit/Elan-Business-Cards-Credit-Bureau-Pull/td-p/6666184,No SBI-CA-specific DP found
157,EVERTRUST BANK,Elan,TU (rail),Elan rail inference: TU most common; EX/EQ also seen rail-wide,HARD personal pull,Elan business menu,None documented,RAIL-INFERENCE,rail threads ~2023-2025,https://ficoforums.myfico.com/t5/Business-Credit/Elan-Business-Cards-Credit-Bureau-Pull/td-p/6666184,No institution-specific DP indexed
175,ENDEAVOR BANK,Elan,TU (rail),"Follows-rail: TU-usual, EX/EQ possible (Elan picks bureau)",HARD (inquiry shows as Elan Financial Services),Elan menu via creditcardlearnmore portal (Cash Preferred 0% ,None documented for Elan,RAIL-INFERENCE,Elan biz DPs 2023-2025,https://ficoforums.myfico.com/t5/Business-Credit/Elan-Business-Cards-Credit-Bureau-Pull/td-p/6666184,No Endeavor Bank-specific DPs found. myFICO 6658960: 2x Elan biz cards $10K each - both TU | myFICO 6666184: 'Elan tends to pull TransUnion'
183,MISSION VALLEY BANK,TCM,TU (rail),TCM Bank (ICBA agent-issuer) rail: Experian hard inquiry cited in BBB complaint about a TCM business credit card applica,HARD personal pull (per complaint context),TCM-issued business card programs; 'Summary of Credit Terms ,None documented,RAIL-INFERENCE,BBB complaint undated in snippet (page l,https://www.bbb.org/us/fl/tampa/profile/bank/tcm-bank-na-0653-19000349/complaints,BBB complaint against TCM Bank N.A. references Experian hard inquiry from business card application; no Mission-Valley-specific DP exists
207,FIRST PACIFIC BANK,Elan,TU (rail),"Follows-rail: TU-usual, EX/EQ possible (Elan picks bureau)",HARD (inquiry shows as Elan Financial Services),Elan menu (low rate/cash back/flexible rewards); prior note:,None documented for Elan,RAIL-INFERENCE,Elan biz DPs 2023-2025,https://ficoforums.myfico.com/t5/Business-Credit/Elan-Business-Cards-Credit-Bureau-Pull/td-p/6666184,No First Pacific Bank-specific DPs found. myFICO 6658960: 2x Elan biz cards $10K each - both TU | myFICO 6666184: 'Elan tends to pull TransU
209,Amalgamated Bank,FNBO,EX (rail),FNBO rail: Experian primary; occasional Equifax,HARD on personal at application; no personal repor,Business card (Business Mastercard via FNBO),None reported,RAIL-INFERENCE,2015-2025,https://www.doctorofcredit.com/first-national-bank-omaha-fnbo-credit-cards-list-rules-best-offers/,Same FNBO rail evidence; no Amalgamated-specific DP found
243,"City First Bank, National Association",Elan,TU (rail),"Follows-rail: TU-usual, EX/EQ possible (Elan picks bureau)",HARD (inquiry shows as Elan Financial Services),Elan agent lineup (Business Cash Preferred 0% 12cyc),None documented for Elan,RAIL-INFERENCE,Elan biz DPs 2023-2025,https://ficoforums.myfico.com/t5/Business-Credit/Elan-Business-Cards-Credit-Bureau-Pull/td-p/6666184,No City First Bank-specific DPs found. myFICO 6658960: 2x Elan biz cards $10K each - both TU | myFICO 6666184: 'Elan tends to pull TransUnio
283,BEACH CITIES COMMERCIAL BANK,Elan,TU (rail),"Follows-rail: TU-usual, EX/EQ possible (Elan picks bureau)",HARD (inquiry shows as Elan Financial Services),4 Elan cards incl Business ZERO+ (extended intro),None documented for Elan,RAIL-INFERENCE,Elan biz DPs 2023-2025,https://ficoforums.myfico.com/t5/Business-Credit/Elan-Business-Cards-Credit-Bureau-Pull/td-p/6666184,No Beach Cities Commercial Bank-specific DPs found. myFICO 6658960: 2x Elan biz cards $10K each - both TU | myFICO 6666184: 'Elan tends to p
17,Western Alliance Bank,SELF,UNKNOWN,UNKNOWN — no bureau DPs surfaced on myFICO/CreditBoards/Reddit/DoC for Business Plus or commercial cards; bank routes ap,Presumed HARD on personal of guarantor (PG conditi,"Business Plus (small biz, revolving) vs Commercial ONE Card ",Unknown,UNKNOWN,n/a,https://www.westernalliancebancorporation.com/small-business/credit-cards/business-plus-credit-card,Zero pull DPs indexed for 'Western Alliance' business card across myFICO/CreditBoards/DoC searches
28,TRI COUNTIES BANK,SELF,UNKNOWN,UNKNOWN - no bureau DPs found on myFICO/CreditBoards/Reddit/DoC/WalletHub; card apps are branch/banker-assisted which su,HARD presumed at application (standard bank card u,Business card (Visa Business/Platinum/Commercial/Purchasing/,None found,UNKNOWN,n/a,https://www.tcbk.com/business/credit-cards,Two search angles (forums + reddit/BBB) returned zero pull DPs
43,FREMONT BANK,SELF,UNKNOWN,UNKNOWN - no pull DPs on myFICO/CreditBoards/Reddit/DoC; bank disclosures do not name a bureau,HARD presumed at application - not verified,Business card (Business Platinum MC + Low Rate/Rewards/World,None found,UNKNOWN,n/a,https://www.fremontbank.com/business/credit/platinum-credit-card,Two angles (forum DP search + own disclosure pages) = zero bureau evidence
47,Enterprise Bank & Trust,SELF,UNKNOWN,UNKNOWN (no forum/DoC/disclosure DPs found),Presumed HARD w/ PG (relationship-banker channel) ,Business Rewards/Preferred Rewards/Commercial Card; no burea,None documented,UNKNOWN,n/a,https://ficoforums.myfico.com/t5/Business-Credit/Which-Credit-Bureaus-Do-These-Business-Cards-Pull-From/td-p/6811049,"No DPs on myFICO Business Credit board, Reddit, or DoC; generic business-bureau threads (6811049/6715854) do not mention Enterprise"
50,TRAVIS CREDIT UNION,SELF,UNKNOWN,"UNKNOWN — no indexed bureau DP for Travis CU on myFICO 'Which Banks Pull' lists, CreditBoards snippets, or Reddit",HARD presumed (standard CU underwriting); unverifi,Business Visa (sole-prop vs LLC/corp variants); phone/branch,Unknown,UNKNOWN,n/a,https://ficoforums.myfico.com/t5/General-Credit-Topics/The-quot-Which-Banks-Pull-Which-Report-For-Apps-quot-list/td-p/5542910,"Travis absent from myFICO bank-pull megathreads (5542910, 6379773) per indexed snippets"
53,FIVE STAR BANK,SELF,UNKNOWN,UNKNOWN (no DPs for the Roseville CA bank),Presumed HARD w/ PG for commercial card - unverifi,"Commercial Corporate Card (MC) only; relationship-based, no ",None documented,UNKNOWN,n/a,https://www.fivestarbank.com/credit-cards,No DPs found for fivestarbank.com (Roseville CA) commercial card
62,VALLEY STRONG CREDIT UNION,SELF,UNKNOWN,UNKNOWN (no DPs found),Presumed HARD - unverified,Business Platinum/Business Rewards; no bureau info; APRs unp,None documented,UNKNOWN,n/a,https://www.valleystrong.com/business-platinum-credit-card,No DPs on myFICO/Reddit/DoC; Yelp/BBB results only
68,NUVISION FEDERAL CREDIT UNION,SELF,UNKNOWN,UNKNOWN - no bureau pull DPs found (forums/Reddit/WalletHub),HARD presumed at application - not verified,Business card (Business Visa Rewards); APR only by phone,None found,UNKNOWN,n/a,https://nuvisionfederal.com/business-banking/credit-cards,Two angles searched; zero DPs; WalletHub reviews are service complaints not pull DPs
70,First Bank,SELF (CorServ rail),TU (rail),UNKNOWN - CorServ Account Issuer platform; bank 'participates in credit decisions'; no bureau DPs for CorServ rail found,Presumed HARD w/ PG - unverified,Business Platinum Rewards MC / World Elite MC (CorServ Apex ,None documented,UNKNOWN,CorServ partnership announced ~2022,https://www.corservsolutions.com/first-bank-selects-corservs-comprehensive-credit-card-program-to-serve-business-and-consumer-customers-2/,CorServ press release confirms First Bank runs consumer+business+commercial cards on CorServ Account Issuer Program; no community DPs on bur
75,PREMIER AMERICA CREDIT UNION,SELF,UNKNOWN,"UNKNOWN — three search passes found zero bureau DPs for Premier America (site also 403s bots, suppressing disclosure dis",HARD presumed; unverified,Premier Business MC 14.99%; no DPs,Unknown,UNKNOWN,n/a,https://www.premieramerica.com/business/loans/premier-business-mastercard,No pull DPs on myFICO/CreditBoards/Reddit indexed results
81,WEST COAST COMMUNITY BANK,SELF,UNKNOWN,UNKNOWN — zero pull DPs for WCCB or its prior name Santa Cruz County Bank; corporate cards are RM/phone-originated (Corp,UNKNOWN; corporate-liability Purchasing MC may not,"Corporate + Corporate Purchasing MC — commercial programs, p",Unknown,UNKNOWN,n/a,https://wccb.com/corporate_cards,No DPs under either bank name (renamed from Santa Cruz County Bank 2024)
83,Sunwest Bank,SELF (Torpago/Marqeta rail),TU (rail),"UNKNOWN - Torpago-powered corporate card; fintech corporate-card rails often soft-pull or no personal pull, but NOT conf",UNKNOWN (possibly soft/no personal pull - corporat,Visionary Corporate Card (commercial; Visa via Marqeta issui,None documented,UNKNOWN,Program launched 2024,https://www.torpago.com/press/sunwest-bank-unveils-its-visionary-card-program-in-dynamic-collaboration-with-torpago-and-marqeta/,Torpago/Marqeta/PYMNTS launch coverage describes expense-mgmt corporate card; no credit-check or PG details published; no forum DPs
91,FIREFIGHTERS FIRST FEDERAL CREDIT UNION,SELF,UNKNOWN,UNKNOWN bureau - no pull DPs (niche occupational membership = thin community coverage); own blog explains hard-vs-soft g,HARD at application (final lending determination p,Business Platinum Visa distinct from consumer Classic/Platin,None found,UNKNOWN,n/a,https://www.firefightersfirstcu.org/Business/Business-Loans/Business-Credit-Cards,Searched myFICO/Reddit/own site; zero bureau DPs; CPF (CA Professional Firefighters) co-brand exists on consumer side
92,AVIDBANK,SELF,UNKNOWN,"UNKNOWN — commercial card program, no pull DPs anywhere; site 403s bots",UNKNOWN; commercial programs with custom rebates t,Corporate/Business commercial card; relationship clients,Unknown,UNKNOWN,n/a,https://www.avidbank.com/lending-products,No DPs indexed
95,COAST CENTRAL CREDIT UNION,SELF,UNKNOWN,UNKNOWN (no DPs; paper-app channel),Presumed HARD - unverified,Business Visa / Signature Visa (paper PDF app to branch),None documented,UNKNOWN,n/a,https://www.coastccu.org/business/business-credit-cards/,No myFICO/Reddit/DoC DPs for Coast Central (Eureka CA)
98,MONTECITO BANK & TRUST,SELF,UNKNOWN,UNKNOWN - no bureau DPs; own Consumer Credit Card FAQ (PDF) checked and does not name a bureau,HARD presumed at application - not verified,Business card (Business Visa; separate Business Credit Reque,None found,UNKNOWN,n/a,https://montecito.bank/business/credit-card,Forum search + bank FAQ PDF review = zero bureau evidence
104,Valley National Bank,SELF,UNKNOWN,UNKNOWN (no pull DPs); secured biz card REPORTS to all 3 consumer bureaus (reporting not pulling),Presumed HARD w/ PG - unverified,Visa Business + Valley Visa Secured Business; fitsmallbusine,None documented,UNKNOWN,Review 2023-2025,https://fitsmallbusiness.com/valley-visa-secured-business-credit-card-review/,fitsmallbusiness: Valley Visa Secured Business reports to EQ+EX+TU (credit-building feature; unusual for biz card) | no application-pull bur
106,BAY FEDERAL CREDIT UNION,SELF,UNKNOWN,"UNKNOWN — no pull DPs on myFICO/CreditBoards/Reddit; own site only lists all-3-bureau contact info (fraud page, not a pu",HARD presumed; unverified,Business Visa to $50K; contact/branch channel suppresses DPs,Unknown,UNKNOWN,n/a,https://www.bayfed.com/business/visa-credit,No DPs indexed
109,BENEFICIAL STATE BANK,SELF,UNKNOWN,UNKNOWN — no pull DPs; terms not even published (banker-only quote); CA/OR/WA residency restriction,UNKNOWN,"Two business Visas, banker-mediated",Unknown,UNKNOWN,n/a,https://www.beneficialstatebank.com/business-banking/credit-cards,No DPs indexed
110,MONTERRA CREDIT UNION,SELF,UNKNOWN,"UNKNOWN for cards (checking DP: soft online / hard in-branch - product-specific, not card)",Card presumed HARD - unverified,Business Rewards Visa; only checking-account pull DPs exist ,None documented,UNKNOWN,DoC comments 2023-2025,https://www.doctorofcredit.com/ca-only-san-mateo-credit-union-100-checking-bonus-direct-deposit-not-required/,"DoC Monterra/San Mateo CU checking bonus page comments: checking opening 'looks to be soft, hard pull in branch' - NOT a card DP"
114,SAN FRANCISCO FIRE CREDIT UNION,SELF,UNKNOWN,UNKNOWN - zero pull DPs across myFICO/Reddit/CreditBoards under both 'San Francisco Fire CU' and 'SF Fire CU' naming,HARD presumed at application - not verified,Business Platinum Visa; call/branch channel,None found,UNKNOWN,n/a,https://sffirecu.org/business/business-platinum-visa/,Two naming-convention searches = no DPs
121,SIERRA CENTRAL CREDIT UNION,SELF,UNKNOWN,UNKNOWN (no DPs),Presumed HARD - unverified,Business VISA $5K-$50K line; no bureau info,None documented,UNKNOWN,n/a,https://www.sierracentral.com/products/business-visa,No myFICO/Reddit/DoC DPs found for Sierra Central (Yuba City CA)
122,VENTURA COUNTY CREDIT UNION,SELF,UNKNOWN,UNKNOWN - no pull DPs found (searched VCCU + full name across forums),HARD presumed at application - not verified,Business MC (low-visibility product; branch/phone only); no ,None found,UNKNOWN,n/a,https://www.vccuonline.net/Business/Business-Accounts,Two angles = zero DPs
125,CHRISTIAN COMMUNITY CREDIT UNION,SELF,UNKNOWN,UNKNOWN — no pull DPs for either Christian Community CU or AdelFi-branded card program,HARD presumed; unverified,'Contact Us to Apply' assisted flow; AdelFi membership prere,Unknown,UNKNOWN,n/a,https://www.adelfibanking.com/ministry/ministry-credit-cards/,No DPs indexed for CCCU or AdelFi cards
134,SESLOC CREDIT UNION,SELF,UNKNOWN,UNKNOWN (no DPs),Presumed HARD - unverified,SESLOC business Visa; terms not even on page,None documented,UNKNOWN,n/a,https://www.sesloc.org/business-services/business-lending/,No myFICO/Reddit/DoC DPs for SESLOC (San Luis Obispo)
139,RIZE FEDERAL CREDIT UNION,SELF (rail UNKNOWN per source list),UNKNOWN,UNKNOWN - no application pull DPs under 'Rize' or prior name 'SCE FCU'; only signal is SavvyMoney monitoring tool uses T,HARD presumed at application - not verified,Business Visa Platinum ($5K-$50K limits; rates by phone),None found,UNKNOWN,n/a,https://rizecu.com/business-visa/,Searched both names (Rize / SCE FCU) on myFICO/Reddit/BBB; zero app-pull DPs
141,HONDA FEDERAL CREDIT UNION,SELF,UNKNOWN,UNKNOWN — no pull DPs for Honda FCU cards (search noise dominated by Honda Financial Services auto lending — do not conf,HARD presumed; unverified,"Business Visa exists only in disclosure PDFs, not promoted —",Unknown,UNKNOWN,n/a,https://www.hondafcu.org/loans-and-credit-cards/credit-cards,No DPs indexed
144,UNIVERSITY CREDIT UNION,SELF,UNKNOWN,UNKNOWN (no DPs),Presumed HARD - unverified,Business Mastercard 2pts/$1; no bureau info,None documented,UNKNOWN,n/a,https://www.ucu.org/banking/business/business-credit-cards,No DPs found (UCLA-founded ucu.org entity)
149,VALLEY FIRST FEDERAL CREDIT UNION,UNKNOWN (self-issued Visa),UNKNOWN,UNKNOWN pull bureau; WalletHub notes it REPORTS card data to all 3 bureaus (reporting is not pulling - kept distinct),HARD presumed at application - not verified,Business Cash Back Visa (1.5%; 0%/12mo) - online app,None found,UNKNOWN,n/a,https://www.valleyfirstcu.org/business-cash-back-credit-card,Searched WalletHub/BBB/forums; only reporting (not pull) info surfaced
164,SUN COMMUNITY FEDERAL CREDIT UNION,SELF,UNKNOWN,UNKNOWN (no DPs),Presumed HARD - unverified,Business credit card (dreampoints rewards); phone channel,None documented,UNKNOWN,n/a,https://www.suncommunity.com/products/business-credit-card,No DPs found (El Centro CA / Imperial Valley)
169,AMERICA'S CHRISTIAN CREDIT UNION,SELF,UNKNOWN,UNKNOWN - no pull DPs anywhere (niche ministry-focused CU; no forum coverage),HARD presumed at application - not verified,Visa Business Rewards + Visa Ministry Rewards (call-to-apply,None found,UNKNOWN,n/a,https://americaschristiancu.com/organization/visa-business-rewards-credit-card/,Generic + named searches = zero DPs
172,SACRAMENTO CREDIT UNION,SELF,UNKNOWN,UNKNOWN — no pull DPs indexed,HARD presumed; unverified,Visa Platinum Business to $25K; online app,Unknown,UNKNOWN,n/a,https://www.sactocu.org/Business/Business-Loans/Business-Credit-Cards,No DPs indexed
182,UNCLE CREDIT UNION,SELF,UNKNOWN,UNKNOWN - no pull DPs (myFICO/Reddit/Yelp/BBB checked),HARD presumed at application - not verified,Business Rewards Card ($500-$40K limits; online app),None found,UNKNOWN,n/a,https://www.unclecu.org/business-credit-card/,Multiple angles incl. explaincredit.com entry (explains inquiries generically; no bureau named)
184,USC CREDIT UNION,SELF,UNKNOWN,UNKNOWN (no DPs),Presumed HARD - unverified,Business Mastercard (page 404s); no bureau info,None documented,UNKNOWN,n/a,https://www.usccreditunion.org/business-banking/,No DPs found for usccreditunion.org
189,EXCITE CREDIT UNION,SELF,UNKNOWN,UNKNOWN - no pull DPs found,HARD presumed at application - not verified,Visa Business Rewards (up to $30K; online app),None found,UNKNOWN,n/a,https://excitecu.org/personal/borrow/credit-cards/visa-business,Forum + general searches = zero DPs
202,Shinhan Bank America,SELF,UNKNOWN,"UNKNOWN — no pull DPs; primary deposit/loan relationship required pre-application, branch-only channel, Korean-American ",UNKNOWN (relationship-based UW; $4K-$100K limits s,Single business card product; branch apply,Unknown,UNKNOWN,n/a,https://www.shbamerica.com/business-business-credit-card/,No DPs indexed
221,YOLO FEDERAL CREDIT UNION,SELF,UNKNOWN,UNKNOWN — no pull DPs indexed,HARD presumed; unverified,Business Visa 13.74%; docs vary by entity type per own site,Unknown,UNKNOWN,n/a,https://www.yolofcu.org/business-visa,No DPs indexed
249,"Sunflower Bank, National Association",SELF,UNKNOWN,UNKNOWN - no pull DPs; bank pages 403-block bots and name no bureau,HARD presumed at application - not verified,Visa Small Business + Corporate (branch/contact channel),None found,UNKNOWN,n/a,https://www.sunflowerbank.com/business/business-accounts/credit-cards/small-business-and-corporate-credit-cards/,Forum + bank-site searches = zero bureau evidence
267,Safra National Bank of New York (Safrapay),SELF,UNKNOWN,"UNKNOWN — no pull DPs; eligibility gated to approved Safrapay MERCHANTS (processing relationship), so underwriting likel",UNKNOWN,Safrapay business MC; merchant-only eligibility,Unknown,UNKNOWN,n/a,https://safrapay.com/faq-business-credit-card/,safrapay.com: 'Only approved Safrapay merchants are eligible' (via indexed FAQ summary); no bureau info public
292,INTERFAITH FEDERAL CREDIT UNION,SELF,UNKNOWN,UNKNOWN - tiny ($121M; ~6K members) faith-based CU with zero forum footprint,HARD presumed at application - not verified; 'mini,Business Visa (business membership account prereq; call chan,None found,UNKNOWN,n/a,https://interfaithfcu.org/business-visa,Named searches = only own-site/Yelp/directory hits
321,CALIFORNIA COMMUNITY CREDIT UNION,SELF,UNKNOWN,UNKNOWN — no pull DPs; tiny ($69M) CU with no forum footprint,HARD presumed; unverified,"Business VISA Platinum $500-$15K, tiered A-E pricing (tier =",Unknown,UNKNOWN,n/a,https://www.caccu.org/loans/visa/,No DPs indexed
341,Bank of Guam,SELF,UNKNOWN,UNKNOWN (no DPs; Guam-based underwriting),Presumed HARD - unverified,Business Mastercard; no bureau info,None documented,UNKNOWN,n/a,https://bankofguam.com/business/spend/business-credit-cards,No myFICO/Reddit/DoC DPs found
373,SLO CREDIT UNION,SELF,UNKNOWN,UNKNOWN - zero forum footprint; local case-by-case manual underwriting per own marketing,HARD presumed at application - not verified,Consumer + business credit cards (instant issue; online app),None found,UNKNOWN,n/a,https://slocu.com/credit-cards/,Named searches = only own-site/BBB/directory hits
