"NO-DOC DP LOG — one data point per row (149 rows; 2026-06-12 deep dive). Sort: VERIFIED-own-page first, then community approval DPs by amount DESC, then published-requirements, then the none-found block (gray, bottom). OFF-LIST rows (institutions outside the CA roster, incl. Elan program-level rows) are labeled in the Institution cell. ⭐ GOLD rows = top verified no-doc paths. myFICO rows partly snippet-graded (forum 403s direct fetch).",,,,,,,,,,,
Institution,Rank,DP_type,Product,Amount,Profile,Docs_required,Bureau_pulled,DP_date,Evidence_grade,Source_link,Notes
Umpqua Bank (now Columbia Banking System),35,published-requirements,Columbia/Umpqua Business Expressline LOC,"$10,000-$500,000 published range",streamlined product; extra requirements if business <=2 yrs TIB,Streamlined 'Expressline' app; doc list not public (site 403s bots); financials not advertised as required at lower tiers,not disclosed,2026-06-12 (snippet),VERIFIED-own-page,https://www.columbiabank.com/business-banking/loans-and-lines/expresslines/,Express-LOC product worth probing alongside Elan card; Elan card DPs covered by platform row
BANK OF MARIN,63,published-requirements,Business Line of Credit (credit-scored tier),"up to $50,000 credit-scored ('simple, credit-scored application'); LOCs to $250K full-doc","credit-score-driven below $50K; Prime-indexed, 2-yr maturity, $150 doc fee",Credit-scored app <=$50K implies no full financials at that tier (own-site lending page); Elan card DPs covered by platform row,not disclosed,2026-06-12 (live),VERIFIED-own-page,https://www.bankofmarin.com/products-and-services/lending/,"'Simple credit-scored application for loans up to $50,000' = low-doc signal on LOC; card via Elan"
BANK OF THE SIERRA,76,published-requirements,⭐ Sierra QuickBiz unsecured revolving LOC,"$5,000-$30,000 (tiered to avg deposit balances; $100K+ deposits = $30K max)",700+ FICO; 3+ yrs in business under present ownership; CA-based; existing BOTS business customer; PG required,"EXPLICIT NO-DOC: 'No additional financial information required, and minimal documentation requirements' (own page); entity docs bank obtains; ~2-day approval; 15-min online app",personal credit (FICO 700 floor),2026-06-12 (live),VERIFIED-own-page,https://www.bankofthesierra.com/QuickBiz/,BEST verified no-doc DP on list: bank states no financial info required; WSJ Prime+1.75%; Elan card DPs separately covered by platform row
Shinhan Bank America,202,published-requirements,Business Credit Card,"$4,000-$100,000 published line range",primary banking relationship (deposit OR loan) required; $45 AF,No documents listed on own page beyond relationship requirement; branch application,not disclosed,2026-06-12 (live),VERIFIED-own-page,https://www.shbamerica.com/business-business-credit-card/,Up to $100K published with no published doc checklist - relationship-gated; no community DPs found (Korean-American niche bank)
STANFORD FEDERAL CREDIT UNION,61,published-requirements,⭐ Business Rewards Visa,"up to $50,000 published max",PUBLISHED BOX: min 640 FICO + 2 yrs in business + SFCU member 6+ mo,No tax returns/financials named in published requirements - score+TIB+relationship gate only,not disclosed,2026-06-12 (live snippet; sfcu.org 403s bots),VERIFIED-own-page,https://www.sfcu.org/business-banking/credit-cards/,Rare transparent underwriting box; $50K max with no published doc requirement = strong low-doc signal IF 2yr TIB met
SIERRA CENTRAL CREDIT UNION,121,published-requirements,Business Visa (6-mo intro rate),$5K-$50K line (per prior sweep; live page now 404/redirected),membership = live/work/school in branch counties; $5 fee + savings,No doc requirements published on card or business-banking pages,not disclosed,2026-06-12,VERIFIED-own-page,https://www.sierracentral.com/borrow/credit-cards,Card page in flux (404 on direct product URL); no community DPs found
PATELCO CREDIT UNION,29,published-requirements,⭐ Mastercard Business Rewards,"up to $40,000 published max line",business 2+ yrs established (own page); EIN NOT required - SSN/TIN OK; automated instant decision,ID + formation docs (operating agreement/articles) only - NO tax returns or financial statements on checklist,not disclosed,2026-06-12 (live),VERIFIED-own-page,https://www.patelco.org/financial-wellness/business-banking/how-do-business-credit-cards-work,"Own page: 'EIN isn't required... approval process is typically automated, so applicants will know right away' - checklist omits financials = no-doc signal [figure from screen-source; not visible on cited page at QA click 2026-06-12 — verify at application]"
UNCLE CREDIT UNION,182,published-requirements,Business Rewards Credit Card,"$500-$40,000 published range",creditworthiness-based pricing 13.99-28.99%; membership required,No doc list on card page - online apply portal; no tax-return/financial requirement published,not disclosed,2026-06-12 (live),VERIFIED-own-page,https://www.unclecu.org/business-credit-card/,Card page omits any financial-doc requirement; no community DPs found for this CU
ALTURA FEDERAL CREDIT UNION,85,published-requirements,⭐ Business Platinum Visa,"up to $25,000 OAC",'You are not required to have an LLC'; freelancers and Amazon/eBay online sellers explicitly eligible; must own a business,No document checklist published; no LLC docs required; APR/doc details only via phone (888-883-7228) or branch,not stated,2026-06-12 (live fetch),VERIFIED-own-page,https://www.alturacu.com/business-credit-card/,"$0 AF, no BT fee, no cash-advance fee; 'not all members will qualify'; no community $ DPs found"
SACRAMENTO CREDIT UNION,172,published-requirements,Visa Platinum Business,"limits to $25,000 (per card page)",membership required; entity docs by structure,Business ACCOUNT checklist = ID/EIN/partnership agreement/FBN only - NO tax returns or financials listed; card-specific docs not published,not disclosed,2026-06-12 (live),VERIFIED-own-page,https://www.sactocu.org/Business/Business-Accounts/Business-Account-Requirements,Account-opening checklist omits financials; card app may differ (call 916-444-6070); no community DPs found
"UMB Bank, National Association",126,published-requirements,⭐ Visa Signature Business Rewards,n/a (20K-pt bonus @ $2K/90d),any small business; need not be existing UMB customer,"Application-stated info only: tax ID, owner SSN/DOB, date established, NAICS, self-reported gross sales/net profit/assets/liabilities; entity filing docs (articles/operating agreement) for non-sole-props; NO tax returns or bank statements on checklist",not stated on page,2026-06-12 (live fetch),VERIFIED-own-page,https://www.umb.com/business-banking/business-credit-cards,15-20 min digital app; decision 2-3 business days; card in 10 days
YOLO FEDERAL CREDIT UNION,221,published-requirements,Business Visa,"up to $20,000 line",13.74% APR purchases/BT/CA (eff. 2026-06-01); $0 AF/BT/CA fees,"'Required documents vary based on what type of business you have (non-profit, sole proprietorship, etc.)' — doc list lives in the application PDF; submit by mail/fax/email",not stated,2026-06-12 (live fetch),VERIFIED-own-page,https://www.yolofcu.org/business-visa,No community DPs found; sole props likely lightest doc set per page language
COAST CENTRAL CREDIT UNION,95,published-requirements,Business Visa (Classic/Gold/Fixed/Variable),requested limit field; lines from $1K per site,membership (Humboldt/Del Norte/Trinity),FULL-DOC verified from own app PDF: 'Remit with current Business Tax Return and Profit/Loss Statement & Balance Sheet' + per-owner Personal Financial Statement; non-profits: annual financial report,not disclosed,2026-06-12 (PDF rev 10/04 still live),VERIFIED-own-page,https://www.coastccu.org/wp-content/uploads/2017/05/BusinessVisa.pdf,ANTI-datapoint: paper app explicitly demands tax return + P&L + balance sheet - hardest-doc card on this list
PROVIDENT CREDIT UNION,69,published-requirements,Business Share Secured Visa,min $600 line; pledge 120% of line,NO credit history needed - 'qualify without credit history' (secured product),Deposit pledge only - no financials (secured); unsecured Business Rewards Visa to $50K has no published doc list,not disclosed,2026-06-12 (live),VERIFIED-own-page,https://providentcu.org/business/business-credit-cards,Secured path = guaranteed-approval-style no-doc option; unsecured $50K max docs unpublished; no community DPs found
INTERFAITH FEDERAL CREDIT UNION,292,published-requirements,Business Visa,individual limits as low as $500; max not stated,existing IFCU business membership required,4 forms (app + requirements addendum + signer addendum + corporate resolution); NO financial statements named on page - but separate 'Application Requirements' doc unverified,not disclosed,2026-06-12 (live),VERIFIED-own-page,https://interfaithfcu.org/business-visa,"'minimum of paperwork and hassle' is marketing copy re expense mgmt, not underwriting; forms-only checklist = moderate no-doc signal; tiny CU - no community DPs found"
"CITIZENS BUSINESS BANK, NATIONAL ASSOCIATION",24,published-requirements,Mastercard Business Card (Elan),not published,Elan-underwritten; relationship considered,No doc list on live cbbank.com card page; prior sweep noted 'PG yes; no tax returns <$25K' (not re-verifiable live); Elan platform DPs apply,Experian (Elan typical),2026-06-12 (live),VERIFIED-own-page,https://www.cbbank.com/business-cards/,Card page omits financial reqs; Elan online app standard; see Elan platform-wide DP row
REDWOOD CREDIT UNION,27,published-requirements,Business Visa Platinum,n/a,NorCal-county HQ membership; personal credit reviewed,FULL-DOC: 'current business income statement and business federal tax returns' required (own page),personal credit reviewed (bureau not named),2026-06-12 (live),VERIFIED-own-page,https://www.redwoodcu.org/business/cards/business-visa-platinum/,ANTI-datapoint: explicitly full-doc - excludes RCU from no-doc strategies
TRI COUNTIES BANK,28,published-requirements,Visa Business / Business Platinum / Commercial / Purchasing / Fleet,n/a,n/a,No application checklist published — branch/banker channel only ('Visit your local branch or contact your Banker'; 800-922-8742); 'subject to credit approval',not stated,2026-06-12 (live fetch),VERIFIED-own-page,https://www.tcbk.com/business/credit-cards,No community approval DPs found (myfico/reddit searches). Banker channel = doc requirements set case-by-case
FREMONT BANK,43,published-requirements,Business Platinum Mastercard (0% 6mo),not published,Fremont Bank customers ONLY; subject to credit approval,No doc list published - online app for existing customers; no financials named anywhere on card page,not disclosed,2026-06-12 (live),VERIFIED-own-page,https://www.fremontbank.com/business/credit/platinum-credit-card,Online-app-for-customers model w/ no published financial reqs = weak-moderate no-doc signal; no community DPs found
TRAVIS CREDIT UNION,50,published-requirements,Business Visa (sole prop) + Standard Business Visa,not published,sole props (1.5% card) / LLC-corp-LLP (standard); $0 AF,No doc list published - phone/branch app only; requirements discussed during application,not disclosed,2026-06-12 (live),VERIFIED-own-page,https://www.traviscu.org/business/lending/business-visa/,Phone-only app keeps docs opaque; no community DPs found
SAFE CREDIT UNION,55,published-requirements,SAFE Visa Business (0% BT 12 cyc),not published,Sacramento-area membership; business checking promo pairing,Entity-doc checklist (license/articles/EIN/resolutions) - NO tax returns or financial statements on published checklist; prior sweep noted 'financials on request',not disclosed,2026-06-12 (live),VERIFIED-own-page,https://www.safecu.org/business/additional-resources/entity-documentation-requirements,Account-level checklist omits financials; card app via appointment so banker may still request; no community DPs found
Washington Federal Bank (WaFd),57,published-requirements,Small business credit card (qualify/apply guide),n/a,"'at least fair' personal credit (580-660+); business credit NOT required; app collects: time-in-business, structure, SSN/EIN, annual income, revenue/expenses, projected spend",application info only — no tax returns or formal financials mandated,not stated,2026-06-12 (live fetch),VERIFIED-own-page,https://www.wafdbank.com/articles/small-business/how-to-qualify-apply-small-business-credit-card,WaFd's own qualify/apply guide omits financial-statement docs
"CALIFORNIA BANK OF COMMERCE, NATIONAL ASSOCIATION",64,published-requirements,Elan business cards,n/a,prior verified pass: PG yes; NO TAX RETURNS for requests under $25K,app-only under $25K (per prior research pass of Elan partner-bank disclosures),Elan typically TransUnion,2025 (prior pass),VERIFIED-own-page,https://www.californiabankofcommerce.com/business-financing-solutions/,Banker channel (844-265-7622); no community DPs
NUVISION FEDERAL CREDIT UNION,68,published-requirements,Business Visa Rewards,n/a,n/a,Paper/PDF application returned by fax/branch to Business Member Representative; no financials checklist published; APR by phone,not stated,2026-06-12 (search-verified live pages),VERIFIED-own-page,https://nuvisionfederal.com/business-banking/credit-cards,No community approval DPs found
Banner Bank,79,published-requirements,Business Platinum MC / Business Cash Rewards,n/a,"PG joint & several; guarantor SSN, income, net worth; business gross revenue collected on app",application + PG financial self-report (per Banner app PDF found in prior research pass); no tax returns listed,not stated,2025 (prior verified pass),VERIFIED-own-page,https://www.bannerbank.com/business-solutions/services/small-business-credit-card/business-platinum-mastercard,"No community $ approval DPs found (searches: myfico Banner Bank business card; reddit Banner Bank business credit card). Only product-detail thread td-p/5679382 (Tru Rewards Elite, $15K min limit, consumer)"
Sunwest Bank,83,published-requirements,Visionary Corporate Card (Torpago/Marqeta platform),not published,businesses large or small; 'simple account opening process' (marketing),No doc checklist published; corporate-card model typically underwrites on business bank data not personal FICO,not disclosed,2026-06-12,VERIFIED-own-page,https://www.visionarycorporatecard.com/,Torpago-powered program (launched 2024 per PYMNTS); no community DPs found
FIREFIGHTERS FIRST FEDERAL CREDIT UNION,91,published-requirements,Business Platinum Visa,n/a,fire-service membership + active business membership; personal credit reviewed,FULL-DOC: 'current business income statement and business federal tax returns' (own page),personal credit reviewed,2026-06-12 (live snippet),VERIFIED-own-page,https://www.firefightersfirstcu.org/Business/Business-Loans/Business-Credit-Cards,ANTI-datapoint: explicit full-doc; same boilerplate as Redwood CU (likely same LOS vendor)
FIRST ENTERTAINMENT CREDIT UNION,103,published-requirements,Preferred Cash Business Visa (0% 12mo),not published,membership (entertainment industry SEG),No doc list published - apply via email BusinessBanking@firstent.org or phone; FAQ silent on financials,not disclosed,2026-06-12 (live),VERIFIED-own-page,https://www.firstent.org/faq/how-do-i-apply-for-a-first-entertainment-preferred-cash-business-visa-credit-card/,Manual email/phone app; no community DPs found
MISSION BANK,108,published-requirements,TCM Bank-issued business cards (Rewards/Cash Back/Purchasing),n/a,prior verified pass: SBA-eligible businesses only; NO TAX RETURNS collected on application,app-only (no tax returns),not stated,2025 (prior pass),VERIFIED-own-page,https://www.missionbank.bank/business/business-credit-cards,TCM Bank (ICBA) program; no TCM-specific community $ DPs found
SAN FRANCISCO FIRE CREDIT UNION,114,published-requirements,Business Platinum Visa,not published,SF Bay Area membership; APR Prime+4.00-8.00% by creditworthiness,No doc list published; phone/branch application only,not disclosed,2026-06-12 (live),VERIFIED-own-page,https://sffirecu.org/business/business-platinum-visa,No financial-doc requirements published anywhere; no community DPs found
KEYPOINT CREDIT UNION,116,published-requirements,Business Visa (15.99-24.99%),n/a,app asks total annual revenue + Tax ID/EIN; sole props may not need TIN,application-stated revenue only; no financials checklist,not stated,2025 (prior pass of kpcu.com app flow),VERIFIED-own-page,https://kpcu.com/business/lending/business-loans/business-credit-cards,No community DPs
CHRISTIAN COMMUNITY CREDIT UNION (AdelFi),125,published-requirements,Business Visa Signature / World MC (ministry cards),not published,affiliation with qualifying Christian church/ministry/school; AdelFi membership,Form -> team-member callback; no financial docs listed on apply page,not disclosed,2026-06-12 (live),VERIFIED-own-page,https://www.adelfibanking.com/business/business-credit-cards/,Assisted application; checklist omits financials but human-mediated; no community DPs
VALLEY FIRST FEDERAL CREDIT UNION,149,published-requirements,Business Cash Back Card (0% 12mo + 1.5%),not published,Central-Valley-county membership; online app available,No doc requirements published on card page; online application = likely application-only,not disclosed,2026-06-12 (live),VERIFIED-own-page,https://www.valleyfirstcu.org/business-cash-back-credit-card,Online app + 0% 12mo + no published financial reqs; no community DPs found
EVERTRUST BANK,157,published-requirements,Elan business cards,n/a,prior verified pass: PG yes; NO TAX RETURNS <$25K,app-only under $25K,Elan typically TransUnion,2025 (prior pass),VERIFIED-own-page,https://www.evertrustbank.com/Business/Visa-Credit-Cards,No community DPs
MISSION VALLEY BANK,183,published-requirements,TCM Bank-issued business card programs,n/a,prior verified pass: PG likely; SBA-eligible only; NO TAX RETURNS at application,app-only (Summary of Credit Terms provided at time of application),not stated,2025 (prior pass),VERIFIED-own-page,https://missionvalleybank.com/card-services/,No community DPs
FIRST PACIFIC BANK,207,published-requirements,Elan business cards,n/a,prior verified pass: PG yes; NO TAX RETURNS <$25K,app-only under $25K,Elan typically TransUnion,2025 (prior pass),VERIFIED-own-page,https://www.firstpacbank.com/business-banking/business-loans-and-lines-of-credit/,No community DPs
Safra National Bank of New York,267,published-requirements,Safrapay Business Mastercard,not published,approved Safrapay merchants / Safra Business Bank Account holders eligible,No doc checklist published; eligibility = merchant/deposit relationship (merchant approval auto-grants bank account); FAQ page 503s direct fetch,not disclosed,2026-06-12 (snippet),VERIFIED-own-page,https://safrapay.com/faq-business-credit-card/,Relationship-gated; 'Safra Business Bank Account holders are eligible for a business credit card' per FAQ snippet; no community DPs found
SLO CREDIT UNION,373,published-requirements,Business credit card (locally decisioned),n/a,own-site language: decisions made locally case-by-case; 'look at each applicant's situation' — manual/relationship underwriting,flexible/manual — no fixed doc checklist published,not stated,2025 (prior pass),VERIFIED-own-page,https://slocu.com/credit-cards/,Possible doc flexibility via manual UW; zero community DPs
"Citizens Bank, National Association",60,approval,Citizens Business Mastercard,"$40,500 + 12 mo 0% APR",not visible in snippet,bank statements per standard Citizens process,soft personal / business pull (pre-mid-2023 process),~2024 (thread 6623189),COMMUNITY-DP,https://ficoforums.myfico.com/t5/Business-Credit/Citizens-MC-40-5k-approval/td-p/6623189,Highest Citizens biz limit DP found
"PNC Bank, National Association",33,approval,BusinessOptions Visa Signature + Business LOC,"$25,000 card (asked $50K); separate $119K total approvals thread; $75K BLOC DP",personal FICO 750+; util <15%; no derogs <2yrs (community-cited PNC box),NONE - 'did not need any tax return or any other documentation' (user quote),Equifax SOFT pull for BusinessOptions (hard Experian on some products),2023-2024 (threads 6589727/6509179/6457544),COMMUNITY-DP,https://ficoforums.myfico.com/t5/Business-Credit/PNC-BizOptions-Visa-Signature-and-a-LOC-Approved/td-p/6589727,STANDOUT: soft-pull $25K+ business card with zero docs; BusinessOptions min line $25K
"PNC Bank, National Association",33,approval,⭐ Business Line of Credit (unsecured),"$75,000",established business; details in thread,No docs per forum comments,Equifax/Experian,2022-2023 (thread 6457544),COMMUNITY-DP,https://ficoforums.myfico.com/t5/Business-Credit/PNC-Business-Line-of-Credit-approved-75k/td-p/6457544,$75K unsecured BLOC; PNC pages state up to $100K unsecured LOC online app
OFF-LIST: Capital One,OFF-LIST,approval,Spark Business Miles,"$75,000 SL",excellent credit (700+ floor); established spender,No docs cited in thread,TransUnion+Experian (C1 triple-pull common),2021 (thread 5427942),COMMUNITY-DP,https://ficoforums.myfico.com/t5/Business-Credit/CapitalOne-Spark-Business-75-000-Approved/td-p/5427942,High-end Spark DP; new/low-revenue biz typically $5K-$15K per Ramp/WalletHub aggregation
"Wells Fargo Bank, National Association",2,approval,Signify Business Cash,"$30,000 and $60,000 (two DPs in megathread)",varied; high-income applicants,No financial docs reported in thread DPs,Personal credit pull,2024-2025,COMMUNITY-DP,https://ficoforums.myfico.com/t5/Business-Credit/Wells-Fargo-Signify-Business-Cash-approval/td-p/6773132,Megathread DPs surfaced via search snippets; WalletHub: min $2500 guaranteed if approved
"Wells Fargo Bank, National Association",2,approval,⭐ Wells Fargo BusinessLine Line of Credit,"$50,000 BLOC",stated income only; details in thread,"NONE - 'no documentation, bank statements, or tax returns... approval based only on stated income' (per thread/snippet)",personal credit + relationship,2024 (thread 6705063),COMMUNITY-DP,https://ficoforums.myfico.com/t5/Business-Credit/50K-Business-Line-Of-Credit-With-Wells-Fargo/td-p/6705063,Found in generic sweep; WF BLOC stated-income $50K = top-tier no-doc DP
"JPMorgan Chase Bank, National Association",3,approval,Ink Business Unlimited,"$50,000 SL (instant)",FICO 8: EQ 796 / TU 806 / EX 812,app-only (instant approval),personal tri-bureau scores cited; Chase often pulls EX + EX business,2022 (thread id 6349031 era),COMMUNITY-DP,https://ficoforums.myfico.com/t5/Business-Credit/Chase-Ink-Business-Unlimited-APPROVED-50k-SL/td-p/6349031,myFICO; scores from Google snippet
"JPMorgan Chase Bank, National Association",3,approval,Chase Business Ink,"$50,000 SL",not visible in snippet,not stated,not stated,~2023,COMMUNITY-DP,https://ficoforums.myfico.com/t5/Business-Credit/Chase-Business-Ink-Approved-SL-50-000-00/td-p/6513551,Title-level DP; body 403s
"OFF-LIST: Wells Fargo Bank, N.A. (CA-reachable, major CA branch network)","DUPLICATE — same DP as row 46 (myFICO 6705063, WF $50K BLOC); consolidated 2026-06-12. WF = roster rank 2 (on-list).",,,,,,,,,https://ficoforums.myfico.com/t5/Business-Credit/50K-Business-Line-Of-Credit-With-Wells-Fargo/td-p/6705063,
KINECTA FEDERAL CREDIT UNION,41,approval,MyPerks Rewards MC (CONSUMER — proxy; no MyPro business DPs found),"$35,000 CL (EX FICO 8 709); separate DP $40,000 with NO hard pull; low-end $2,500 @ FICO 730 w/ 3 recent new cards",EX FICO 8 709 (35K DP); membership requires Kinecta savings $10,ID + proof of address + PROOF OF INCOME + open savings account,Experian (sometimes soft/no HP),"2022-2023 (threads 6579395, 6571871, 6513991)",COMMUNITY-DP,https://ficoforums.myfico.com/t5/Credit-Card-Approvals/KINECTA-CU-MyPerks-Rewards-MC-Approval-for-35K-CL/td-p/6579395,Consumer DPs only; MyPro business card is appointment/phone channel — zero community DPs; income proof requirement = NOT no-doc
"Wells Fargo Bank, National Association",2,approval,Signify Business Cash,"$36,000 SL",not detailed in snippet; established WF relationship typical,None reported beyond application (no tax returns mentioned),Experian (typical WF biz per forum),2024-2025 (thread 6788276),COMMUNITY-DP,https://ficoforums.myfico.com/t5/Business-Credit/Wells-Fargo-Signify-Business-Card-36K-SL/td-p/6788276,myFICO thread title: '$36K SL'; site 403s bots - snippet-indexed
"Citizens Bank, National Association",60,approval,Citizens Business card (first business card),"$5,000 SL; later CLI path reported $4K->$35K in same community",7 years in business sole proprietor (per related summary),3 mo business bank statements,soft pull personal EQ,2022-2023 (thread 6433462),COMMUNITY-DP,https://ficoforums.myfico.com/t5/Business-Credit/Very-first-business-card-approval-Citizen-s-Bank-5K-SL/td-p/6433462,Entry-level approval DP; CLI 4k->35k mentioned in forum summaries
U.S. Bank National Association,4,approval,Business Triple Cash Rewards Visa,"$30,000 SL",not detailed in snippet,No docs reported in snippet,personal pull,2023-2024 (thread 6524750),COMMUNITY-DP,https://ficoforums.myfico.com/t5/Business-Credit/US-Bank-Triple-Cash-Rewards-Approval-30k/td-p/6524750,Thread title DP: $30K approval
"Bank of America, National Association",1,approval,Business Advantage (card model not in snippet),"$25,000",not visible in snippet,not stated,not stated,~2023 (thread id 6708703 era),COMMUNITY-DP,https://ficoforums.myfico.com/t5/Business-Credit/Bank-of-America-Business-Advantage-Approval-25-000/td-p/6708703,"Thread title states $25,000 approval; body unreadable (403)"
"Citizens Bank, National Association",60,approval,Business Everyday Points Mastercard,"$25,000",established business; submitted 6 mo of bank statements 'to give better picture' (3 mo required),3 months business bank statements + ID; no tax returns,SOFT pull personal Equifax (FICO 8) + hard pull business bureau,~2024 (thread 6605401),COMMUNITY-DP,https://ficoforums.myfico.com/t5/Business-Credit/Citizens-Business-Everyday-Points-approval-25k/td-p/6605401,"App-to-card ~1 month; Citizens reports to EXP Biz, EQ Biz, D&B"
"UMB Bank, National Association",126,approval,UMB Visa (Signature) — caution: DPs may be consumer card,$25K (told it was max); $18.5K Signature Visa; $2.5K low-end,community notes UMB 'very sensitive' to number of existing open cards regardless of income/score; near-prime core demographic,app-only,not stated in snippets,2021-2025 threads,COMMUNITY-DP,https://ficoforums.myfico.com/t5/Credit-Cards/UMB-Bank-Approval-Criteria-Quirks/td-p/6804033,Limits from myFICO threads 6432585/6091932; product mix personal+business; treat $ as indicative
U.S. Bank National Association,4,approval,Business Triple Cash Rewards Visa,"$23,000 SL",not detailed in snippet,No docs reported,personal pull,2024-2025 (thread 6792967),COMMUNITY-DP,https://ficoforums.myfico.com/t5/Business-Credit/U-S-Bank-Triple-Cash-Rewards-Visa-Business-Card-Approval-23K-SL/td-p/6792967,Thread title DP: $23K SL
"Citibank, National Association",6,approval,Citi/AAdvantage Business World Elite MC,"$20,000 CL",not detailed in snippet,No docs reported,Equifax (typical Citi),2025 (thread 6809037),COMMUNITY-DP,https://ficoforums.myfico.com/t5/Business-Credit/Citi-approved-for-a-Citi-AAdvantage-20k-CL/td-p/6809037,65k-mile bonus offer; high end of community-reported range
"PNC Bank, National Association",33,approval,Cash Rewards Visa Signature Business,"$19,000",strong personal profile,No documentation required (user-reported),Experian hard (per some DPs),2024 (thread 6675929),COMMUNITY-DP,https://ficoforums.myfico.com/t5/Business-Credit/PNC-Business-Credit-Card-Approval/td-p/6675929,Second no-doc DP; $16K DP also in same thread cluster
"Bank of America, National Association",1,approval,Business Advantage Unlimited Cash Rewards,"$16,000 (instant)",LLC formed June 2024 (~6-12 mo TIB at app); offer shown on existing BofA account dashboard,"app-only (instant online approval, no docs mentioned)",not stated,2024-2025 (thread),COMMUNITY-DP,https://ficoforums.myfico.com/t5/Business-Credit/Bank-of-America-Business-Unlimited-Cash-Rewards-Approval-16K/td-p/6816689,myFICO Business-Credit board; details via Google snippet (forum 403s direct fetch)
"Citibank, National Association",6,approval,Citi/AAdvantage Business World Elite MC,"$16,000 SL instant",FICO 8 732,None - instant online approval; no financials,Equifax,2025 (thread 6858388),COMMUNITY-DP,https://ficoforums.myfico.com/t5/Credit-Card-Approvals/Another-Day-Another-DP-Citi-AAdvantage-Business-Approval/td-p/6858388,Instant approval @ 20.2% APR; pure stated-income underwriting
OFF-LIST: Bank of America,OFF-LIST,approval,Business Advantage Unlimited Cash Rewards,"$16,000 instant",LLC formed 6/2024 (under 1 yr old at approval),NONE - instant online,Experian typical,2025 (thread 6816689),COMMUNITY-DP,https://ficoforums.myfico.com/t5/Business-Credit/Bank-of-America-Business-Unlimited-Cash-Rewards-Approval-16K/td-p/6816689,Sub-1yr LLC instant $16K = strong no-doc DP
"Bank of America, National Association",1,approval,Business Advantage Unlimited x2 ('2fer'),$10K + $7K (one report); $15K + $15K (another),existing BofA customers; instant approvals,app-only per snippets,not stated,2023-2025,COMMUNITY-DP,https://ficoforums.myfico.com/t5/Business-Credit/Bank-of-America-Business-Advantage-unlimited-X2-approved/td-p/6717561,Two same-day BofA business card approvals each; limits from search summary of myFICO threads (incl td-p/6800185)
U.S. Bank National Association,4,approval,Business Triple Cash Rewards Visa,"$3,000 SL -> $15,000 after recon",instant approval; CLI via underwriting call (2nd hard pull),None (one separate DP: EIN letter fax for identity verification only - not financials),personal pull,2024-2025,COMMUNITY-DP,https://ficoforums.myfico.com/t5/Business-Credit/US-Bank-Triple-Cash-approval/td-p/6781499,Identity verification (EIN letter) occasionally requested; never tax returns/financials per threads
Washington Federal Bank (WaFd),57,approval,WaFd Business Visa,"$15,000 @ 13.99% purchases",not detailed in snippet; WaFd dropped Elan and brought cards in-house,not stated (no docs mentioned),not stated,~2023-2024 (thread 6674742),COMMUNITY-DP,https://ficoforums.myfico.com/t5/Business-Credit/WaFd-Bank-Business-Visa-Approval/td-p/6674742,Only WaFd business Visa $ DP found
OFF-LIST: JPMorgan Chase (Ink Business cards),OFF-LIST,approval,Chase Ink Business Preferred/Unlimited/Cash,"typical SL $3K-$15K+; approvals reported at <$1,000 revenue sole-prop",FICO 670+ floor (720+ clean); new sole props with intent+activity approved; no biz bank account needed,NONE - no income verification or financials; stated revenue accepted,Experian (Chase biz typical; varies),2025-2026 community consensus,COMMUNITY-DP,https://cardandtravels.com/how-hard-is-it-to-get-the-chase-ink-business-preferred/,CA-reachable nationwide; canonical no-doc biz card; 'intent + activity not revenue or paperwork'
OFF-LIST: American Express (Blue Business Plus / Business Gold),OFF-LIST,approval,Blue Business Plus (no-AF) / Business Gold (charge),BBP commonly $2K-$15K SL; Gold = no preset limit,sole props/freelancers eligible; business need not be profitable or have first customer; personal credit drives decision,NONE - application-only; stated income/revenue; no financials,Experian (Amex typical),2025-2026 community consensus,COMMUNITY-DP,https://www.nerdwallet.com/business/credit-cards/learn/easiest-amex-business-card-to-get,CA-reachable; Amex = easiest major issuer for new/no-revenue businesses per aggregated guidance
OFF-LIST: Bank of America,OFF-LIST,approval,Business Advantage Unlimited Cash (2 cards same day),"$15,000 + $15,000 (SSN app then EIN app 26hrs apart)",sole prop; instant online approvals both times,NONE - both instant at end of online app,Experian (BofA biz typical),2025 (thread 6800185),COMMUNITY-DP,https://ficoforums.myfico.com/t5/Business-Credit/Bank-of-America-Business-Unlimited-2Fer/td-p/6800185,'2Fer' DP: $30K total no-doc in 26 hours; CA-reachable
Flagstar Bank N.A. (FNBO-issued; also Amalgamated Bank r209),72,approval,FNBO Business Edition / Evergreen Business,"$7,100 instant; $13,900 instant (two DPs)",pre-approval matched final; profiles per thread,"NONE for instant approvals ('no POI, no documents'); SOME applicants asked for DL/SSN-card/2yrs tax returns or W-2s when flagged",Experian (FNBO typical),2022-2025 (threads 6466891/6616159/6332103),COMMUNITY-DP,https://ficoforums.myfico.com/t5/Business-Credit/Happy-New-Year-FNBO-Evergreen-Business-Instant-Approval/td-p/6466891,FNBO underwrites Flagstar+Amalgamated biz cards; usually no-doc but verification-pull risk (2yr tax returns) documented - mixed signal
U.S. Bank National Association,4,approval,Business Triple Cash Rewards Visa,"$10,000 SL","sole proprietor, 20 yrs established, only $3K revenue",NONE - no documents requested; same-day approval,personal pull (US Bank uses personal credit; often TransUnion/Experian per forum),2024-2025 (thread 6772697),COMMUNITY-DP,https://ficoforums.myfico.com/t5/Business-Credit/US-Bank-Triple-Cash-Sole-Prop-10k-SL/td-p/6772697,$3K revenue + $10K limit = clear no-doc approval; SSN-as-sole-prop DBA accepted
MidFirst Bank,89,approval,MidFirst rewards credit card (consumer; pre-approved offer — no business DPs found),"$10,000 pre-approved @ 14.24%",existing-customer mailer; older thread (~2016),pre-approval — app-only,not stated,~2016 (thread 4706395),COMMUNITY-DP,https://ficoforums.myfico.com/t5/Credit-Cards/MidFirst-Bank-Has-anyone-heard-of-them/td-p/4706395,Consumer proxy only; no MidFirst BUSINESS card DPs found (searches: myfico/reddit MidFirst business credit card datapoint)
OFF-LIST: U.S. Bank N.A. (CA-reachable; parent of Elan — proxy for all 11 Elan list banks),-,approval,Business Triple Cash Rewards,"$10,000 SL",TU FICO ~830; approved by email 10-15 min after applying,"NONE — instant-style approval, no docs",TransUnion,2026 (thread 6845780),COMMUNITY-DP,https://ficoforums.myfico.com/t5/Business-Credit/Approved-U-S-Bank-Business-Triple-Cash-Rewards-10K-SL-Data-Point/td-p/6845780,"Multiple corroborating $10K SL threads: 6773928, 6845323, 6800582"
OFF-LIST: U.S. Bank N.A.,-,approval,Business Triple Cash Rewards,"$10,000 SL @ 23.49% (same-day)","self-employed SOLE PROP, TU FICO 8 805 (thread 6772697); separate same-day DP explicitly 'no documents requested'",NONE,TransUnion,"2024-2025 (threads 6772697, 6672267)",COMMUNITY-DP,https://ficoforums.myfico.com/t5/Business-Credit/US-Bank-Triple-Cash-Sole-Prop-10k-SL/td-p/6772697,Low-end DPs at $3K also reported; US Bank/Elan underwriting is the engine behind 11 of the 51 list banks
"Bank of America, National Association",1,approval,Business Advantage Customized Cash Rewards,"$9,000 (after recon)",not visible in snippet,app + recon phone call; no financials mentioned,not stated,2024-2025 (thread),COMMUNITY-DP,https://ficoforums.myfico.com/t5/Business-Credit/Approved-via-WEIRD-RECON-Bank-of-America-Business-Advantage/td-p/6828063,Approved on reconsideration ('weird recon')
OFF-LIST: Bank of America,OFF-LIST,approval,Business Advantage Customized Cash,"$9,000 via recon",approved through underwriting recon; no ID docs requested,None (recon phone only),Experian typical,2025-09 (thread 6828063),COMMUNITY-DP,https://ficoforums.myfico.com/t5/Business-Credit/Approved-via-WEIRD-RECON-Bank-of-America-Business-Advantage/td-p/6828063,Sept-2025 DP; recon path still doc-free
"JPMorgan Chase Bank, National Association",3,approval,Chase Ink (model unspecified),"$8,000",same user also got US Bank $5K soft-pull CLI,not stated,not stated,~2023,COMMUNITY-DP,https://ficoforums.myfico.com/t5/Business-Credit/Chase-Ink-Approval-8k-and-US-Bank-5k-SP-CLI/td-p/6509992,Lower-end Ink starting limit DP
BMO Bank National Association,9,approval,Business Platinum Mastercard,"$7,500 SL",TransUnion FICO 770s; approved next day (applied 7/14 approved 7/15),None - online app only,TransUnion,2024-2025 (thread 6773916),COMMUNITY-DP,https://ficoforums.myfico.com/t5/Business-Credit/BMO-Harris-Business-Platinum-7-500/td-p/6773916,Next-day approval; no financials mentioned in thread
OFF-LIST: U.S. Bank N.A.,-,approval,Business Triple Cash Rewards,"$7,000 CL",no prior US Bank relationship; opened checking 1 month before applying,app-only,not stated,2026-03-10 (dated thread),COMMUNITY-DP,https://ficoforums.myfico.com/t5/Credit-Card-Approvals/US-Bank-Triple-Cash-Rewards-Approval-Datapoint-03-10-2026/td-p/6858588,Freshest dated DP in sweep
"Citizens Bank, National Association",60,approval,Business Everyday Points Mastercard,"$6,000",not visible in snippet,bank statements (standard Citizens ask),soft pull personal,2022 (thread 6436470),COMMUNITY-DP,https://ficoforums.myfico.com/t5/Business-Credit/Citizens-Bank-Everyday-Points-Approval-6000/td-p/6436470,Low-end limit DP
"Wells Fargo Bank, National Association",2,approval,Signify Business Cash,"$5,000",new LLC; personal FICO 675-698,Application only - no financials reported,Personal bureau pull (WF uses personal credit),2024-2025,COMMUNITY-DP,https://ficoforums.myfico.com/t5/Business-Credit/Wells-Fargo-Signify-Business-Cash-Card-now-live/td-p/6756650,New-LLC approval = strong no-doc signal; per myFICO 'now live' megathread
ELAN FINANCIAL (program-level; applies to 11 listed Elan banks),-,approval,Elan business card (via Flagstar partner),"approved; limit not in snippet (other Elan biz DPs: $3,000 and $4,000 limits)",personal Experian FICO 693; business account held several years,app-only; no docs mentioned,Experian (this DP); Elan most often TransUnion,2022 (thread 6308920),COMMUNITY-DP,https://ficoforums.myfico.com/t5/Business-Credit/How-to-get-approved-for-Elan-Financial-business-credit-card/td-p/6308920,Community tip: answer NO to balance-transfer question on app or risk denial/low limit; instant approval rare
"ELAN FINANCIAL (program-level; issuer for list banks: Banc of California, Mechanics, F&M Long Beach, Hanmi, Westamerica, PCB, CA Bank of Commerce, EverTrust, Endeavor, First Pacific, Beach Cities)",11/16/25/36/48/64/77/157/175/207/283,approval,Elan Smart Business Rewards Mastercard,"$4,000 (after few-day manual review, not instant)",D&B PAYDEX ~80; EQ Business 82; PG required; card does NOT report to personal credit,application only — no financials mentioned; manual review common,personal TransUnion,2022 (thread 6478775),COMMUNITY-DP,https://ficoforums.myfico.com/t5/Business-Credit/Elan-Smart-Business-Rewards-Mastercard-Approval/td-p/6478775,Elan underwrites identically across its partner banks; $95 AF waived yr 1; 2x top-2 categories
"Elan agent banks (applies to CATHAY BANK r14, CITIZENS BUSINESS BANK r24, UMPQUA r35, PREFERRED BANK r38, BANK OF STOCKTON r59, BANK OF MARIN r63, ROYAL BUSINESS BANK r66, OPEN BANK r87, FIRST NORTHERN r105, CBB r107, SBI CAL r128, BANK OF THE SIERRA r76, EXCHANGE BANK r78, CITY FIRST r243)",multi,approval,Elan business credit card (Cash Preferred/Real Rewards platform),"$3,000 business credit line (one DP); approvals reported with Experian 693","Experian 693, multiple inquiries (Flagstar/Elan Mar-2021 DP); relationship with agent bank helps",None reported - online app; approval email 2 business days,Experian (Elan commonly pulls EX; varies by region),2021-2024 (threads 6308920/6711444),COMMUNITY-DP,https://ficoforums.myfico.com/t5/Business-Credit/How-to-get-approved-for-Elan-Financial-business-credit-card/td-p/6308920,Elan = U.S. Bank div. underwriting 1400+ FIs; one Elan DP generalizes across all CA Elan agent banks on this list; card reports to D&B
OFF-LIST: Capital One,OFF-LIST,approval,Spark Cash Select 1.5%,"$2,000 SL",modest profile; instant,None,multi-bureau,2025 (threads 6695704/6800665),COMMUNITY-DP,https://ficoforums.myfico.com/t5/Business-Credit/Approved-Cap-One-Spark-Business-2K-CL/td-p/6695704,Low-end no-doc DP; C1 approves thin profiles at $2K
"Citibank, National Association",6,approval,CitiBusiness AAdvantage,"$1,500 (low-end approval)",thin/weaker profile,None,Equifax,2023 (thread 6560887),COMMUNITY-DP,https://ficoforums.myfico.com/t5/Business-Credit/CITI-Business-Card-AA-approved-for-1500/td-p/6560887,Shows Citi approves weak profiles at token limits rather than asking for docs
BMO Bank National Association,9,approval,Business Platinum Rewards MC,"$1,300 SL",TransUnion FICO 8 756,None reported,TransUnion,2022-2023 (thread 6348747),COMMUNITY-DP,https://ficoforums.myfico.com/t5/Business-Credit/BMO-Harris-Bank-Business-Platinum-Rewards-Approval/td-p/6348747,7-day manual review possible; toy limit but no docs
U.S. Bank National Association,4,approval,Leverage Business Card,limit not stated,sole prop using name+SSN only; approved next day automatically,NONE - 'approved me automatically without any issues' (DoC author),not disclosed,2024-04-19 (DoC post),COMMUNITY-DP,https://www.doctorofcredit.com/my-u-s-bank-leverage-business-card-approval/,Doctor of Credit first-person DP; sole-prop SSN-only path works at US Bank
First-Citizens Bank & Trust Company,8,approval,Business Line of Credit (no-doc per community),amount not stated in snippet,community consensus DP: 'First Horizon and First Citizens offer no docs with their BLOC',NONE per posters (no financials/tax returns for BLOC),not stated,2023-2024 (thread 6726109),COMMUNITY-DP,https://ficoforums.myfico.com/t5/Business-Credit/No-doc-cc-or-bloc/td-p/6726109,Directly on-mission no-doc DP; First Citizens biz cards 0% 12mo separately verified on own site
BMO Bank National Association,9,approval,Business Line of Credit,not stated in snippet,see thread,thread suggests BLOC needs more underwriting than card,TransUnion,2024 (thread 6728350),COMMUNITY-DP,https://ficoforums.myfico.com/t5/Business-Credit/BMO-Business-Line-of-Credit-Approval/td-p/6728350,BLOC approval DP exists on myFICO; details behind 403 wall
BANC OF CALIFORNIA,11,approval,Max Cash Preferred (Elan-issued CONSUMER card via Banc of California storefront),approved (limit not in snippet),applicant picked it for card art/Mastercard network,app-only per thread tone,Elan typically TransUnion,~2023-2024 (thread 6671791),COMMUNITY-DP,https://ficoforums.myfico.com/t5/Credit-Card-Approvals/Got-the-Banc-of-California-Max-Cash-Preferred-Card/td-p/6671791,Proves Elan approval channel via BancOfCal works for non-customers; business-card DPs covered by ELAN program rows
OFF-LIST: Capital One (CA-reachable),-,approval,Spark Business Line of Credit,amount not in snippet,'No docs' per thread title; older program (2016),NONE per title,not stated,2016 (thread 3926493),COMMUNITY-DP,https://ficoforums.myfico.com/t5/Business-Credit/Refit-Cap1-Sparks-Business-LOC-No-docs-changed-to-First-born/td-p/3926493,Historical DP; Spark LOC program since discontinued — flag as dated
OFF-LIST: no-doc BLOC lead-gen sector (generic sweep),-,published-requirements,'Stated income' / 'no-doc' business credit lines,marketed $25K-$250K,"credit-score-driven; alternative underwriting (revenue deposits, accounting-software link)",claimed: none; reality: bank-link or revenue verification,personal bureaus typically,2025-2026,UNVERIFIED-RUMOR,https://www.creditsuite.com/blog/no-doc-business-line-of-credit/,SCAM/COURSE-PITCH FLAG: creditsuite/fundingpilot/unsecuredfinances are lead-gen or paid-program marketing ('credit card stacking'); only Fundbox-style software-linked LOCs are verifiable no-doc products; NO real applicant DPs in this segment — treat marketed amounts as advertising
OFF-LIST: Capital on Tap,OFF-LIST,published-requirements,Capital on Tap Business Credit Card,"up to $50,000 typical","$2,500+/mo verifiable revenue; 6+ months in business; soft pull only; no PG per 2026 guides (note: PG policies have varied - verify at apply)",Revenue verification via bank link - no tax returns,soft pull only,2026 guides,UNVERIFIED-RUMOR,https://usaharmony.com/business-credit-cards-ein-only/,Marketing-heavy affiliate sources; treat no-PG claim cautiously - CoT historically required PG; scam-flag: 'EIN-only credit' niche is full of paid hype
"OFF-LIST: American Express National Bank (CA-reachable, nationwide)",-,published-requirements,Blue Business Plus / Business Gold (sole-prop friendly),limits vary; BBP often $5K-$30K+ per community lore,"sole props apply with SSN only (EIN optional); income bracket $0-$49,999 selectable; '$0 revenue' approvals confirmed by mainstream guides; 'easiest business cards to get' anecdotally",application self-report only — NO tax returns/bank statements; no distinct revenue cutoffs,Experian (typical Amex),2025-2026 guides,COMMUNITY-DP,https://www.nerdwallet.com/business/credit-cards/learn/easiest-amex-business-card-to-get,Corroborated by onemileatatime.com apply-guide + uscreditcardguide.com; the de-facto no-doc benchmark all list banks compete against
CITY NATIONAL BANK,5,published-requirements,Crystal Visa Infinite (consumer; closest public DP set — biz/commercial card has no public DPs),$10K starting limit DP ('barely approved'),EX FICO 740 w/ 25 inq/18mo; other holders 790-810s; income $80-90K 'low side'; DTI<30%,DOC-HEAVY: in-branch paper app + PROOF OF INCOME (paystub); manual underwriting ~3 days; CLI needs new paystub + hard pull,Experian,2019-2020 threads (5469704/5699698),COMMUNITY-DP,https://ficoforums.myfico.com/t5/Credit-Cards/City-National-Bank-Crystal-credit-card-review/td-p/5469704,ANTI-no-doc DP: CNB underwrites with full income proof; commercial Visa is banker-channel only — zero community DPs found
OFF-LIST: Net-30 vendor tier (Uline/Grainger/CEO Creative etc.),OFF-LIST,published-requirements,Net-30 vendor accounts (EIN-only),"$500-$5,000 typical starter lines",EIN + clean public filings; 3-6 reporting tradelines needed before EIN-only card approvals,None - no personal credit check for many vendors,reports to D&B/Experian Business,2026 guides,COMMUNITY-DP,https://einonlycredit.com/net-30-vendors-ein-only,Standard EIN-only credit-building path; watch for junk-fee 'net-30' programs (scam flag)
OFF-LIST: Brex (fintech corporate card),OFF-LIST,published-requirements,Brex Corporate Card,limit = f(cash balance; typically 10-20% of bank balance),"funded startups/companies; NO PG, NO SSN, no personal pull; 24-72hr approval",Business bank link only; no tax returns/financials,none (business-data underwriting),2026 guides,COMMUNITY-DP,https://www.brex.com/spend-trends/corporate-credit-cards/best-business-credit-cards-with-ein-only,CA-reachable; EIN-only no-PG; requires meaningful cash balance
"JPMorgan Chase Bank, National Association",3,published-requirements,Ink family (Cash/Unlimited/Preferred),n/a,FICO ~670+ recommended; sole props/freelancers/startups eligible; $0-revenue brand-new sole props regularly approved; 5/24 rule applies,application only - no tax returns/financials; PG required,Experian (+ often second bureau) per community reporting,2026 guide,COMMUNITY-DP,https://creditpoints.cash/guides/chase-ink-business-cards-guide-2026,"Secondary guides (ramp.com, creditcards.com) corroborate: PG + personal credit driven, no financials requested"
CATHAY BANK,14,published-requirements,Elan Mastercard Business Platinum / Platinum Rewards,not published,Elan-underwritten; forum: 2yrs TIB preferred not required; PG required; random bureau pulls,No doc list published; online Elan app standard,varies (Elan random personal bureau pulls per forum),2026-06-12 (live),COMMUNITY-DP,https://ficoforums.myfico.com/t5/Business-Credit/How-to-get-approved-for-Elan-Financial-business-credit-card/td-p/6308920,Elan platform: PG + personal-credit-driven; no Cathay-specific DPs found; see Elan platform-wide row
"Zions Bancorporation, N.A. (Cal Bank & Trust)",20,published-requirements,AmaZing business/consumer card program,n/a,community: approvals reported with scores in the 600s; geography-gated — AmaZing historically UT/ID/WY only UNLESS existing checking relationship (CB&T relationship works in CA),relationship (checking) for out-of-footprint applicants; no financials cited,Experian only; FICO 8 / Bankcard FICO 8,2013-2017 threads (older DPs),COMMUNITY-DP,https://ficoforums.myfico.com/t5/Credit-Cards/ZIONS-BANK-U-aware/td-p/3690006,Older threads; no recent business-card $ DPs surfaced for CB&T AmaZing Business
"Citizens Bank, National Association",60,published-requirements,Business cards (process change),n/a,n/a,NOTE: as of ~Jun 2023 community reports Citizens began HARD pulling personal Experian (soft-pull era ended),personal EX hard (post-2023); previously EQ soft,2023-06 (thread 6666893),COMMUNITY-DP,https://ficoforums.myfico.com/t5/Business-Credit/CITIZENS-BANK-SOFT-PULL-IS-DEAD/td-p/6666893,Process-change DP affecting all later approvals; CA NOT in Citizens biz footprint per own site
LOS ANGELES FEDERAL CREDIT UNION,132,published-requirements,Business Rewards Platinum Visa (to $50K published),n/a,"community DP-thread: LAFCU underwriting 'very conservative' — low limits, sensitive to new accounts/inquiries",not stated,not stated,2023 (thread 6596415),COMMUNITY-DP,https://ficoforums.myfico.com/t5/Personal-Finance/Los-Angeles-Federal-Credit-Union-DP-and-Info/td-p/6596415,Published $50K max limit vs conservative-UW community reports; no business $ DPs
OFF-LIST: fintech corporate cards (Ramp/Brex/Rippling/Slash — all CA-reachable),-,published-requirements,"Corporate charge cards, EIN-only / no PG",limit = f(linked bank balance/revenue),LLC/corp required (sole props rarely qualify); revenue thresholds ~$100Ks-$MMs; no personal guarantee; no SSN pull,EIN + linked business bank account (live balance data replaces docs); some ask EIN letter/articles; NO tax returns,none (no personal bureau),2025 guides (Bankrate/NerdWallet/Rippling),COMMUNITY-DP,https://www.bankrate.com/credit-cards/business/get-business-card-with-ein/,"INTEGRITY NOTE: 'EIN-only, no-PG' YouTube/funding-course pitches overpromise — mainstream sources confirm EIN-only means bank-link underwriting, not zero verification; most 'no-doc EIN funding' programs are paid-course marketing (scam-flag)"
OFF-LIST: Ramp (fintech corporate card),OFF-LIST,published-requirements,Ramp Business Credit Card,limit = f(bank balance/cash flow),EIN-only; NO personal credit check or PG; underwrites on linked business bank balance,Bank-account link only - no tax returns/financials/PG,none (no personal pull),2025-2026,COMMUNITY-DP,https://fairfigure.com/blog/startup-business-credit-cards-with-no-credit-ein-only,True EIN-only no-PG path for funded entities; charge-card (pay-in-full) model; CA-reachable
First-Citizens Bank & Trust Company,8,none-found,Business credit cards (Rewards/Cash Rewards/Low-Interest Visa),-,-,-,-,-,-,search-trail (no DP exists),"No card-specific $ approval DPs found; searches polluted by Citizens Bank N.A. threads ('First Citizens business credit card approval myfico/reddit') | Searches run 2026-06-11/12: site:ficoforums.myfico.com ""First-Citizens Bank & Trust Company"" business approved; ""First-Citizens Bank & Trust Company"" business credit card approval; Reddit r/CRedit + r/smallbusiness; DoC comments — 0 DPs found"
MECHANICS BANK,16,none-found,Elan business lineup (Cash Preferred 0% 12cyc etc.),-,-,-,-,-,-,search-trail (no DP exists),"Elan-underwritten program — see ELAN FINANCIAL program-level rows for approval DPs ($3K-$4K limits, TU pull, manual review, PG, no financials). No bank-specific community DPs found (searches: '<bank> business credit card approval myfico/reddit datapoint') | Searches run 2026-06-11/12: site:ficoforums.myfico.com ""MECHANICS BANK"" business approved; ""MECHANICS BANK"" business credit card approval; Reddit r/CRedit + r/smallbusiness; DoC comments — 0 DPs found"
Western Alliance Bank,17,none-found,Visa Business Plus,n/a,n/a,"Not published; banker-callback model (2-3 day callback, no instant decision); prior research: PG conditional + financials at banker discretion",not disclosed,2026-06-12,UNVERIFIED-RUMOR,https://www.westernalliancebancorporation.com/small-business/credit-cards/business-plus-credit-card,No myFICO/Reddit approval DPs found in searches; relationship-banker underwriting = likely doc-flexible but unproven
FARMERS AND MERCHANTS BANK OF LONG BEACH,25,none-found,Elan business lineup (Cash Preferred 0% 12cyc),-,-,-,-,-,-,search-trail (no DP exists),"Elan-underwritten program — see ELAN FINANCIAL program-level rows for approval DPs ($3K-$4K limits, TU pull, manual review, PG, no financials). No bank-specific community DPs found (searches: '<bank> business credit card approval myfico/reddit datapoint') | Searches run 2026-06-11/12: site:ficoforums.myfico.com ""FARMERS AND MERCHANTS BANK OF LONG BEACH"" business approved; ""FARMERS AND MERCHANTS BANK OF LONG BEACH"" business credit card approval; Reddit r/CRedit + r/smallbusiness; DoC comments — 0 DPs found"
LOGIX FEDERAL CREDIT UNION,31,none-found,Smart Business Cashback MC,-,only consumer DP found: $4K approval after initial BK/utilization denial (2013 thread 2675251),-,-,-,-,https://ficoforums.myfico.com/t5/Credit-Card-Approvals/Logix-CU-approval-asked-twice-but-in/td-p/2675251,No business-card DPs. Business card requires appointment w/ business banking team (own site). Searches: 'Logix business credit card approval datapoint myfico/reddit'
SAN DIEGO COUNTY CREDIT UNION,34,none-found,Low-rate Visa Business ($5K-$20K published band),-,community: 'SDCCU gives good limits'; hard pull Experian; nationwide join via $8 Financial Fitness Assoc,-,Experian (hard),2024 thread 6761567,COMMUNITY-DP,https://ficoforums.myfico.com/t5/Credit-Cards/San-DIego-County-Credit-Union-SDCCU-Does-anyone-have-any-DP-s-or/td-p/6761567,No BUSINESS-card $ DPs; published product page caps limit at $20K. Searches: 'SDCCU business credit card approved limit myfico/reddit'
HANMI BANK,36,none-found,Elan business lineup (Zero+ 0% up to 18cyc),-,-,-,-,-,-,search-trail (no DP exists),"Elan-underwritten program — see ELAN FINANCIAL program-level rows for approval DPs ($3K-$4K limits, TU pull, manual review, PG, no financials). No bank-specific community DPs found (searches: '<bank> business credit card approval myfico/reddit datapoint') | Searches run 2026-06-11/12: site:ficoforums.myfico.com ""HANMI BANK"" business approved; ""HANMI BANK"" business credit card approval; Reddit r/CRedit + r/smallbusiness; DoC comments — 0 DPs found"
PREFERRED BANK,38,none-found,Elan Business Cash Preferred (0% 12 cyc),n/a,Elan-underwritten,Not published; Elan online app; see Elan platform row,Experian (Elan typical),2026-06-12,none-found,https://www.preferredbank.com/business/loans-and-credit/credit-cards,No institution-specific DPs; covered by Elan platform-wide DP
CALIFORNIA FEDERAL CREDIT UNION,45,none-found,Business Platinum / Business Rewards,-,-,-,-,-,-,search-trail (no DP exists),"Searches incl. ccu.com card names; zero DPs. Prior pass: PG + financials-on-request covenant — NOT no-doc | Searches run 2026-06-11/12: site:ficoforums.myfico.com ""CALIFORNIA FEDERAL CREDIT UNION"" business approved; ""CALIFORNIA FEDERAL CREDIT UNION"" business credit card approval; Reddit r/CRedit + r/smallbusiness; DoC comments — 0 DPs found"
Enterprise Bank & Trust,47,none-found,Business Rewards / Preferred Rewards cards,n/a,banker-contact application only,Not published; no online app,not disclosed,2026-06-12,none-found,https://www.enterprisebank.com/business/credit-cards,No approval DPs on myFICO/Reddit; banker-mediated = opaque docs
WESTAMERICA BANK,48,none-found,Elan business lineup (Cash Preferred 0% 12cyc),-,-,-,-,-,-,search-trail (no DP exists),"Elan-underwritten program — see ELAN FINANCIAL program-level rows for approval DPs ($3K-$4K limits, TU pull, manual review, PG, no financials). No bank-specific community DPs found (searches: '<bank> business credit card approval myfico/reddit datapoint') | Searches run 2026-06-11/12: site:ficoforums.myfico.com ""WESTAMERICA BANK"" business approved; ""WESTAMERICA BANK"" business credit card approval; Reddit r/CRedit + r/smallbusiness; DoC comments — 0 DPs found"
FIVE STAR BANK,53,none-found,Commercial Corporate Card (Mastercard),-,-,-,-,-,-,search-trail (no DP exists),"Relationship/commercial-only program; no public terms; zero community DPs | Searches run 2026-06-11/12: site:ficoforums.myfico.com ""FIVE STAR BANK"" business approved; ""FIVE STAR BANK"" business credit card approval; Reddit r/CRedit + r/smallbusiness; DoC comments — 0 DPs found"
BANK OF STOCKTON,59,none-found,Elan business Visa suite,n/a,Elan-underwritten,Not published; see Elan platform row,Experian (Elan typical),2026-06-12,none-found,https://www.mycardapply.com/synindex/?ecdma-lc=37171&ecid=OTHE_25940&offertype=0#business,Covered by Elan platform-wide DP
VALLEY STRONG CREDIT UNION,62,none-found,Business Platinum / Business Rewards,-,-,-,-,-,-,search-trail (no DP exists),"Searches: 'Valley Strong business credit card approved myfico/reddit limit'. Zero community DPs | Searches run 2026-06-11/12: site:ficoforums.myfico.com ""VALLEY STRONG CREDIT UNION"" business approved; ""VALLEY STRONG CREDIT UNION"" business credit card approval; Reddit r/CRedit + r/smallbusiness; DoC comments — 0 DPs found"
ROYAL BUSINESS BANK,66,none-found,Elan Business Cash Preferred / Real Rewards,n/a,Elan-underwritten,Not published; see Elan platform row,Experian (Elan typical),2026-06-12,none-found,https://www.royalbusinessbankusa.com/business/services/business-credit-card,Covered by Elan platform-wide DP
First Bank (St. Louis),70,none-found,Business Platinum Rewards MC / World Elite MC,-,-,-,-,-,-,search-trail (no DP exists),"Searches: 'First Bank business credit card approved myfico CorServ first.bank Platinum Rewards datapoint'; results polluted by US Bank/FirstBank CO/First Interstate/First Business Bank (WI). No DPs for the St. Louis First Bank CorServ program | Searches run 2026-06-11/12: site:ficoforums.myfico.com ""First Bank"" business approved; ""First Bank"" business credit card approval; Reddit r/CRedit + r/smallbusiness; DoC comments — 0 DPs found"
PREMIER AMERICA CREDIT UNION,75,none-found,Premier Business MC,-,-,-,-,-,-,search-trail (no DP exists),"Searches: 'Premier America business credit card approved myfico/reddit limit'. Zero DPs. Own site (prior pass): <2yr-profitable businesses get LOWER limits — implies financial review at app | Searches run 2026-06-11/12: site:ficoforums.myfico.com ""PREMIER AMERICA CREDIT UNION"" business approved; ""PREMIER AMERICA CREDIT UNION"" business credit card approval; Reddit r/CRedit + r/smallbusiness; DoC comments — 0 DPs found"
PCB BANK,77,none-found,Elan business lineup,-,-,-,-,-,-,search-trail (no DP exists),"Elan-underwritten program — see ELAN FINANCIAL program-level rows for approval DPs ($3K-$4K limits, TU pull, manual review, PG, no financials). No bank-specific community DPs found (searches: '<bank> business credit card approval myfico/reddit datapoint') | Searches run 2026-06-11/12: site:ficoforums.myfico.com ""PCB BANK"" business approved; ""PCB BANK"" business credit card approval; Reddit r/CRedit + r/smallbusiness; DoC comments — 0 DPs found"
EXCHANGE BANK,78,none-found,Elan Business Cash Preferred / Real Rewards,n/a,Elan-underwritten,Not published; see Elan platform row,Experian (Elan typical),2026-06-12,none-found,https://www.exchangebank.com/business/credit-cards,Covered by Elan platform-wide DP
ORANGE COUNTY'S FEDERAL CREDIT UNION,80,none-found,Business Mastercard,n/a,membership; low-visibility product (not on live card menu),Not published; branch/phone only,not disclosed,2026-06-12,none-found,https://www.orangecountyscu.org/products/credit-cards/,Product exists per payment-address/disclosure PDFs only; zero community DPs; not a viable no-doc target
WEST COAST COMMUNITY BANK,81,none-found,Corporate / Corporate Purchasing MC,-,-,-,-,-,-,search-trail (no DP exists),"Phone/RM channel only; zero community DPs | Searches run 2026-06-11/12: site:ficoforums.myfico.com ""WEST COAST COMMUNITY BANK"" business approved; ""WEST COAST COMMUNITY BANK"" business credit card approval; Reddit r/CRedit + r/smallbusiness; DoC comments — 0 DPs found"
OPEN BANK,87,none-found,Elan business card menu,n/a,Elan-underwritten,Prior sweep: 'PG yes; no tax returns <$25K' - could not re-verify live; Elan platform DPs apply,Experian (Elan typical),2026-06-12,UNVERIFIED-RUMOR,https://myopenbank.com/additional-services/,No institution-specific community DPs; rely on Elan platform row
AVIDBANK,92,none-found,Corporate/Business card programs,-,-,-,-,-,-,search-trail (no DP exists),"Commercial relationship channel; zero community DPs | Searches run 2026-06-11/12: site:ficoforums.myfico.com ""AVIDBANK"" business approved; ""AVIDBANK"" business credit card approval; Reddit r/CRedit + r/smallbusiness; DoC comments — 0 DPs found"
MONTECITO BANK & TRUST,98,none-found,Business Visa (16.49-24.49%),-,-,-,-,-,-,search-trail (no DP exists),"Zero community DPs (combined myfico/reddit search) | Searches run 2026-06-11/12: site:ficoforums.myfico.com ""MONTECITO BANK & TRUST"" business approved; ""MONTECITO BANK & TRUST"" business credit card approval; Reddit r/CRedit + r/smallbusiness; DoC comments — 0 DPs found"
Valley National Bank,104,none-found,Visa Business / Valley Visa Secured Business,-,-,-,-,-,-,search-trail (no DP exists),"Searches: 'Valley National Bank business credit card approved myfico/reddit datapoint secured'. Zero DPs. Own disclosure (prior pass): secured card = deposit 110% of limit, max $25K — deposit replaces financials | Searches run 2026-06-11/12: site:ficoforums.myfico.com ""Valley National Bank"" business approved; ""Valley National Bank"" business credit card approval; Reddit r/CRedit + r/smallbusiness; DoC comments — 0 DPs found"
FIRST NORTHERN BANK OF DIXON,105,none-found,Elan Business Cash Preferred / Real Rewards,n/a,Elan-underwritten,Not published; see Elan platform row,Experian (Elan typical),2026-06-12,none-found,https://www.thatsmybank.com/business/business-credit-cards.html,Covered by Elan platform-wide DP
BAY FEDERAL CREDIT UNION,106,none-found,Business Visa (to $50K published),-,-,-,-,-,-,own card page (limit-claim source),"Published max $50K limit is notable but no approval DPs found | Searches run 2026-06-11/12: site:ficoforums.myfico.com ""BAY FEDERAL CREDIT UNION"" business approved; ""BAY FEDERAL CREDIT UNION"" business credit card approval; Reddit r/CRedit + r/smallbusiness; DoC comments — 0 DPs found"
COMMONWEALTH BUSINESS BANK,107,none-found,Elan Business Real Rewards,n/a,Elan-underwritten,Not published; see Elan platform row,Experian (Elan typical),2026-06-12,none-found,https://www.cbb-bank.com/en/business/lending/creditcards,Covered by Elan platform-wide DP
BENEFICIAL STATE BANK,109,none-found,Business Visa (2 cards),n/a,CA/OR/WA residents only; banker-mediated,Not published anywhere - 'connect with a banker',not disclosed,2026-06-12,none-found,https://www.beneficialstatebank.com/business-banking/credit-cards,Terms deliberately unpublished; zero community DPs
MONTERRA CREDIT UNION,110,none-found,Business Rewards Visa,-,-,-,-,-,-,search-trail (no DP exists),"Zero community DPs | Searches run 2026-06-11/12: site:ficoforums.myfico.com ""MONTERRA CREDIT UNION"" business approved; ""MONTERRA CREDIT UNION"" business credit card approval; Reddit r/CRedit + r/smallbusiness; DoC comments — 0 DPs found"
VENTURA COUNTY CREDIT UNION,122,none-found,Business Mastercard,-,-,-,-,-,-,search-trail (no DP exists),"Branch/phone channel; zero community DPs | Searches run 2026-06-11/12: site:ficoforums.myfico.com ""VENTURA COUNTY CREDIT UNION"" business approved; ""VENTURA COUNTY CREDIT UNION"" business credit card approval; Reddit r/CRedit + r/smallbusiness; DoC comments — 0 DPs found"
STATE BANK OF INDIA (CALIFORNIA),128,none-found,Elan business credit cards,n/a,Elan-underwritten,Not published; see Elan platform row,Experian (Elan typical),2026-06-12,none-found,https://www.sbical.bank/business-banking/business-credit-cards,Covered by Elan platform-wide DP
SESLOC CREDIT UNION,134,none-found,Business Visa,n/a,membership (San Luis Obispo county),No docs listed on business-lending page; call (805) 540-7707,not disclosed,2026-06-12,none-found,https://www.sesloc.org/business-services/business-lending/,No published requirements and no community DPs located
RIZE FEDERAL CREDIT UNION,139,none-found,Business Visa Platinum ($5K-$50K published),-,-,-,-,-,-,search-trail (no DP exists),"Zero community DPs; rates by phone | Searches run 2026-06-11/12: site:ficoforums.myfico.com ""RIZE FEDERAL CREDIT UNION"" business approved; ""RIZE FEDERAL CREDIT UNION"" business credit card approval; Reddit r/CRedit + r/smallbusiness; DoC comments — 0 DPs found"
HONDA FEDERAL CREDIT UNION,141,none-found,Visa Business Card,n/a,Honda/affiliate SEG membership,Not published; product not promoted on cards page,not disclosed,2026-06-12,none-found,https://www.hondafcu.org/hondafcu/media/pdfs/disclosures/visa-disclosure.pdf,Exists only in disclosure PDFs; zero community DPs
UNIVERSITY CREDIT UNION,144,none-found,Business Mastercard 2pts/$1,-,-,-,-,-,-,search-trail (no DP exists),"Zero community DPs (UCU Los Angeles; search results conflate with Alabama University FCU) | Searches run 2026-06-11/12: site:ficoforums.myfico.com ""UNIVERSITY CREDIT UNION"" business approved; ""UNIVERSITY CREDIT UNION"" business credit card approval; Reddit r/CRedit + r/smallbusiness; DoC comments — 0 DPs found"
SUN COMMUNITY FEDERAL CREDIT UNION,164,none-found,Business Rewards Mastercard,n/a,Imperial/Coachella Valley membership,Not published; phone application,not disclosed,2026-06-12,none-found,https://www.suncommunity.com/products/business-credit-card,No published reqs and no community DPs
AMERICA'S CHRISTIAN CREDIT UNION,169,none-found,Visa Business Rewards / Ministry Rewards,-,-,-,-,-,-,search-trail (no DP exists),"Zero community DPs | Searches run 2026-06-11/12: site:ficoforums.myfico.com ""AMERICA'S CHRISTIAN CREDIT UNION"" business approved; ""AMERICA'S CHRISTIAN CREDIT UNION"" business credit card approval; Reddit r/CRedit + r/smallbusiness; DoC comments — 0 DPs found"
ENDEAVOR BANK,175,none-found,Elan business lineup (Cash Preferred 0% 12cyc),-,-,-,-,-,-,search-trail (no DP exists),"Elan-underwritten program — see ELAN FINANCIAL program-level rows for approval DPs ($3K-$4K limits, TU pull, manual review, PG, no financials). No bank-specific community DPs found (searches: '<bank> business credit card approval myfico/reddit datapoint') | Searches run 2026-06-11/12: site:ficoforums.myfico.com ""ENDEAVOR BANK"" business approved; ""ENDEAVOR BANK"" business credit card approval; Reddit r/CRedit + r/smallbusiness; DoC comments — 0 DPs found"
USC CREDIT UNION,184,none-found,Business Mastercard,n/a,USC-affiliated membership,Not published; dedicated card page 404s,not disclosed,2026-06-12,none-found,https://www.usccreditunion.org/business-banking/,No published reqs and no community DPs
EXCITE CREDIT UNION,189,none-found,Visa Business Rewards (to $30K published),-,-,-,-,-,-,own card page (limit-claim source),"Published $30K max, no AF/BT/CA fees; zero approval DPs | Searches run 2026-06-11/12: site:ficoforums.myfico.com ""EXCITE CREDIT UNION"" business approved; ""EXCITE CREDIT UNION"" business credit card approval; Reddit r/CRedit + r/smallbusiness; DoC comments — 0 DPs found"
Amalgamated Bank,209,none-found,FNBO Business Mastercard,n/a,FNBO-underwritten,Not published; see Flagstar/FNBO row (instant no-doc approvals w/ occasional verification pulls),Experian (FNBO typical),2026-06-12,none-found,https://www.amalgamatedbank.com/business-credit-cards,Covered by FNBO platform DP row
"City First Bank, National Association",243,none-found,Elan business card menu,n/a,Elan-underwritten,Not published; see Elan platform row,Experian (Elan typical),2026-06-12,none-found,https://www.cityfirstbank.com/2120-2/,Covered by Elan platform-wide DP
"Sunflower Bank, National Association",249,none-found,Visa Small Business / Corporate,-,-,-,-,-,-,search-trail (no DP exists),"Branch channel; zero community DPs | Searches run 2026-06-11/12: site:ficoforums.myfico.com ""Sunflower Bank, National Association"" business approved; ""Sunflower Bank, National Association"" business credit card approval; Reddit r/CRedit + r/smallbusiness; DoC comments — 0 DPs found"
BEACH CITIES COMMERCIAL BANK,283,none-found,Elan business lineup (ZERO+ extended intro),-,-,-,-,-,-,search-trail (no DP exists),"Elan-underwritten program — see ELAN FINANCIAL program-level rows for approval DPs ($3K-$4K limits, TU pull, manual review, PG, no financials). No bank-specific community DPs found (searches: '<bank> business credit card approval myfico/reddit datapoint') | Searches run 2026-06-11/12: site:ficoforums.myfico.com ""BEACH CITIES COMMERCIAL BANK"" business approved; ""BEACH CITIES COMMERCIAL BANK"" business credit card approval; Reddit r/CRedit + r/smallbusiness; DoC comments — 0 DPs found"
CALIFORNIA COMMUNITY CREDIT UNION,321,none-found,Business VISA Platinum ($500-$15K published),-,-,-,-,-,-,search-trail (no DP exists),"Zero community DPs | Searches run 2026-06-11/12: site:ficoforums.myfico.com ""CALIFORNIA COMMUNITY CREDIT UNION"" business approved; ""CALIFORNIA COMMUNITY CREDIT UNION"" business credit card approval; Reddit r/CRedit + r/smallbusiness; DoC comments — 0 DPs found"
Bank of Guam,341,none-found,Business Mastercard,n/a,branch relationship (CA branch reachable),Not published; site 503s bots,not disclosed,2026-06-12,none-found,https://bankofguam.com/business/spend/business-credit-cards,Zero community DPs; tiny CA footprint
