Institution,Rank,Underwriter_rail,Bureau_finding,Hard_or_soft,Product_specificity,Secondary_pulls,DP_details,Evidence_grade(VERIFIED-disclosure/COMMUNITY-DP/CONSUMER-PROXY/RAIL-INFERENCE/UNKNOWN),DP_dates,Source_links,Notes
MECHANICS BANK,16,Elan,Elan rail: TransUnion most-cited for Elan BUSINESS cards; Experian DPs also exist (partner/geo-dependent); Elan states it may pull any of the 3,HARD on personal credit at application; no ongoing personal reporting unless delinquent,Business card (Elan storefront: Cash Preferred/Smart Business/Real Rewards),None reported,myFICO Business-Credit threads: users report Elan biz cards pulling TU only; one Banc of California (Elan) DP shows EX on 2nd card after EQ on 1st - bureau can rotate,RAIL-INFERENCE,2022-2025 (myFICO thread era),https://ficoforums.myfico.com/t5/Business-Credit/Elan-Business-Cards-Credit-Bureau-Pull/td-p/6666184 | https://ficoforums.myfico.com/t5/Business-Credit/Elan-Financial-Credit-Pulls/td-p/6244031 | https://wallethub.com/answers/cc/what-credit-bureau-does-elan-financial-services-use-1000625-2140724796/,No Mechanics-specific DP found; bureau claim is for the Elan rail not this bank specifically
"CITIZENS BUSINESS BANK, NATIONAL ASSOCIATION",24,Elan,Elan rail: TU most-cited for Elan business cards; EX DPs exist; bureau geo/partner-dependent,HARD on personal at application; delinquency-only personal reporting after,Business card (Elan MC Business + One Card commercial),None reported,Same rail evidence as all Elan partners; no CBB-specific pull DP located,RAIL-INFERENCE,2022-2025,https://ficoforums.myfico.com/t5/Business-Credit/Elan-Business-Cards-Credit-Bureau-Pull/td-p/6666184 | https://ficoforums.myfico.com/t5/Business-Credit/Elan-Financial-Credit-Pulls/td-p/6244031,TWIN-RISK: 'Citizens Business Bank' DPs easily confused with Citizens Bank NA (RI) - none of the rail DPs are CBB-specific
HANMI BANK,36,Elan,Elan rail: TU most-cited; EX secondary; any of 3 possible per Elan,HARD on personal at application,Business card (Elan: Zero+/Real Rewards/Cash Preferred/Smart Business),None reported,No Hanmi-specific DP found on myFICO/Reddit/DoC,RAIL-INFERENCE,2022-2025,https://ficoforums.myfico.com/t5/Business-Credit/Elan-Business-Cards-Credit-Bureau-Pull/td-p/6666184 | https://wallethub.com/answers/cc/what-credit-bureau-does-elan-financial-services-use-1000625-2140724796/,Caution: Google snippet hinted Hanmi commercial cards may be migrating to a Fifth Third-issued World/World-Elite program - if so the rail (and bureau) changes; verify at apply time
WESTAMERICA BANK,48,Elan,Elan rail: TU most-cited; EX DPs exist,HARD on personal at application,Business card (Elan storefront),None reported,No Westamerica-specific DP found,RAIL-INFERENCE,2022-2025,https://ficoforums.myfico.com/t5/Business-Credit/Elan-Business-Cards-Credit-Bureau-Pull/td-p/6666184,Bank site 403s; app runs through creditcardlearnmore.com (Elan)
BANK OF MARIN,63,Elan,Elan rail: TU most-cited; EX DPs exist,HARD on personal at application,Business card (Elan suite),None reported,No Bank of Marin-specific DP found,RAIL-INFERENCE,2022-2025,https://ficoforums.myfico.com/t5/Business-Credit/Elan-Business-Cards-Credit-Bureau-Pull/td-p/6666184,Rail-level claim only
PCB BANK,77,Elan,Elan rail: TU most-cited; EX DPs exist,HARD on personal at application,Business card (Elan suite),None reported,No PCB-specific DP found,RAIL-INFERENCE,2022-2025,https://ficoforums.myfico.com/t5/Business-Credit/Elan-Business-Cards-Credit-Bureau-Pull/td-p/6666184,Rail-level claim only
FIRST NORTHERN BANK OF DIXON,105,Elan,Elan rail: TU most-cited; EX DPs exist,HARD on personal at application,Business card (Elan Cash Preferred/Real Rewards),None reported,No First Northern-specific DP found,RAIL-INFERENCE,2022-2025,https://ficoforums.myfico.com/t5/Business-Credit/Elan-Business-Cards-Credit-Bureau-Pull/td-p/6666184,Rail-level claim only
STATE BANK OF INDIA (CALIFORNIA),128,Elan,Elan rail: TU most-cited; EX DPs exist,HARD on personal at application,Business card (Elan; 'creditor and issuer is Elan Financial Services' per indexed page),None reported,No SBI-CA-specific DP found,RAIL-INFERENCE,2022-2025,https://ficoforums.myfico.com/t5/Business-Credit/Elan-Business-Cards-Credit-Bureau-Pull/td-p/6666184 | https://www.sbical.bank/business-banking/business-credit-cards,Rail-level claim only; sbical.bank blocked to fetch
"Flagstar Bank, National Association",72,FNBO,FNBO rail: Experian primary for card apps (incl. business); occasional Equifax split DPs; business pre-qual explicitly uses Experian consumer data,HARD on personal at application; biz cards do not report to personal bureaus (EXCEPT secured Business Edition which reports monthly to EX/TU/EQ + D&B),Business card (Business Edition Visa via card.fnbo.com incl. secured variant),None reported,DoC FNBO page: biz + personal pulls NOT combined even same-day; myFICO 4201816 = EX consensus,RAIL-INFERENCE,2015-2025 (long-running DoC/myFICO consensus),https://www.doctorofcredit.com/first-national-bank-omaha-fnbo-credit-cards-list-rules-best-offers/ | https://ficoforums.myfico.com/t5/Credit-Card-Approvals/FNBO-which-credit-bureau-do-they-pull-from/td-p/4201816 | https://wallethub.com/answers/cc/fnbo-pulls-from-what-credit-bureau-1000625-2140871155/,Rail-level: no Flagstar-cobrand-specific DP; Flagstar biz cards are white-label FNBO so FNBO DPs should transfer cleanly
Amalgamated Bank,209,FNBO,FNBO rail: Experian primary; occasional Equifax,HARD on personal at application; no personal reporting in good standing,Business card (Business Mastercard via FNBO),None reported,Same FNBO rail evidence; no Amalgamated-specific DP found,RAIL-INFERENCE,2015-2025,https://www.doctorofcredit.com/first-national-bank-omaha-fnbo-credit-cards-list-rules-best-offers/ | https://ficoforums.myfico.com/t5/Credit-Card-Approvals/FNBO-which-credit-bureau-do-they-pull-from/td-p/4201816,TWIN-RISK low; rail-level claim only
MISSION BANK,108,TCM,TCM Bank (ICBA) rail: bureau NOT well documented; single weak signal = BBB complaint referencing Experian inquiry; no myFICO/Reddit/DoC DP base exists for TCM,HARD pull on personal credit presumed (standard for TCM small-bank card programs; PG required) - not independently verified,Business card (TCM Rewards/Cash Back/Purchasing via Mission Bank),None reported,Searched myFICO + Reddit + DoC + WalletHub: essentially zero TCM pull DPs in the wild; TCM is too low-volume for community DP coverage,RAIL-INFERENCE (low confidence; near-UNKNOWN),BBB complaint undated (located 2026-06),https://wallethub.com/profile/tcm-bank-13006306i | https://www.bbb.org/us/fl/tampa/profile/bank/tcm-bank-na-0653-19000349/complaints | https://www.tcmbank.com/,Treat bureau as UNKNOWN-leaning-Experian; ask banker pre-app; Mission Bank prior DP: SBA-eligible only / no tax returns on app
"Wells Fargo Bank, National Association",2,SELF,Experian most-cited for WF card apps in California; WF officially reserves right to use any of EX/EQ/TU; some reports of a secondary TU pull on business apps,HARD on personal at application (personal credit primary even for biz card); business activity NOT reported to personal bureaus in good standing (reports to D&B/EX-Biz/EQ-Biz),Business card (Signify Business Cash) - consumer WF DPs dominate the record; Signify-specific DPs scarce,Possible 2nd TU pull on business apps (weak single-source claim); no SageStream/LexisNexis DPs found,WalletHub consensus: WF usually pulls Experian (state-dependent); CA anecdotes = EX; thecreditpeople (AI-content site - low weight) claims CA=EX TX=EQ + secondary TU on biz,CONSUMER-PROXY (EX claim is largely consumer-card derived; biz-specific DP base thin),2023-2026,https://wallethub.com/answers/cc/what-credit-bureau-does-wells-fargo-use-1000625-2140670136/ | https://www.doctorofcredit.com/credit-bureaus/which-credit-bureau-does-each-card-issuer-pull/ | https://ramp.com/blog/wells-fargo-business-credit-card-requirements,Expect EX in CA but treat as unconfirmed for Signify specifically; WF doesn't combine biz+personal pulls per community reports
BMO Bank National Association,9,SELF,TransUnion - BMO business Platinum card cited as a 'pulls TransUnion only' card; BMO consumer cards also TU-dominant; BLOC apps reported on myFICO Business-Credit board,HARD on personal at application (cards); BLOC = full-doc lengthy underwrite with personal+business financials,Business card (Business Platinum 0%/18mo) vs BLOC distinct: BLOC is 30-60 day full underwrite not an instant-pull product,None reported,FairFigure: 'BMO Platinum Card pulls TransUnion only'; myFICO BLOC approval thread 6728350; consumer BMO Harris approvals consistently TU,COMMUNITY-DP (card) - TU,2023-2025,https://fairfigure.com/blog/business-credit-cards-that-pull-transunion | https://ficoforums.myfico.com/t5/Business-Credit/BMO-Business-Line-of-Credit-Approval/td-p/6728350 | https://www.businesscreditworkshop.me/articles/bmo-business-credit-card/,Strong TU signal; some consumer-proxy reinforcement; verify state variation (CA DPs not isolated)
"PNC Bank, National Association",33,SELF,Experian-leaning for PNC Visa Business per WalletHub + CreditBoards ('Does PNC only ever pull Experian?'); some sources claim EQ for consumer products regionally - business signal is EX,HARD on personal at application; PNC does NOT report biz card activity to personal bureaus (reports to D&B/EX-Biz/EQ-Biz),Business card (PNC Visa Business; BusinessOptions commercial product separately underwritten),None reported,WalletHub Q&A specifically for PNC Visa Business: 'normally uses Experian; sometimes TU or EQ'; CreditBoards thread consensus EX,COMMUNITY-DP - EX (bureau may vary by region),2022-2026,https://wallethub.com/answers/cc/what-credit-bureau-does-pnc-visa-business-credit-card-use-1000625-2140778516/ | https://creditboards.com/forums/index.php?/topic/634932-does-pnc-only-ever-pull-experian/ | https://www.creditsuite.com/blog/does-pnc-business-credit-card-report-to-personal-credit/,Business-product-specific WalletHub answer is a relatively strong source here; CA-specific DPs not isolated
"Citizens Bank, National Association",60,SELF,Experian (current). HISTORY: Citizens Biz MC was famous on myFICO for NO hard pull on personal (soft EQ + bank statements ~2020-2022); thread 'CITIZENS BANK SOFT PULL IS DEAD!!' documents switch to HARD Experian (~2023); also checks Experian Business + D&B,Formerly SOFT-only on personal (dead); NOW HARD Experian at application,Business card (Everyday Points Business MC); CLI = HP per separate myFICO thread,Experian Business + D&B on the business side; no SageStream/LexisNexis DPs,myFICO Business-Credit board has multi-year DP trail: 6136715 (no hard pull era) -> 6666893 (soft pull is dead - now HP EX),COMMUNITY-DP - EX (well-documented),2020-2024 DP trail,https://ficoforums.myfico.com/t5/Business-Credit/Citizens-Bank-Biz-MC-no-hard-pull-on-personal-CR/td-p/6136715/page/2 | https://ficoforums.myfico.com/t5/Business-Credit/CITIZENS-BANK-SOFT-PULL-IS-DEAD/td-p/6666893 | https://ficoforums.myfico.com/t5/General-Credit-Topics/Anyone-know-what-credit-bureau-Citizens-Banks-checks-hard/td-p/6544233,TWIN-RISK: do not confuse with Citizens Business Bank (CA/Elan); ALSO note CA not in Citizens' stated biz footprint - app may be footprint-gated
CITY NATIONAL BANK,5,SELF,Experian per consumer Crystal Infinite DPs (myFICO: 'only pulled Experian'; manual underwriting in-branch); NO DPs exist for the Visa Commercial card - commercial app = Business Lending Application + Personal Financial Statement + banker underwrite,HARD presumed on personal for commercial card via PG/PFS path (manual underwriting); consumer cards HARD EX,COMMERCIAL card only (no small-biz card); bureau evidence is from CONSUMER Crystal card - product mismatch flagged,None reported,myFICO 5699698 Crystal Infinite approval: Experian-only pull + paper app + manual UW; commercial card requires PFS + Single Name Aggregate Exposure Report (cnb.com),CONSUMER-PROXY - EX,2019-2021 (Crystal DPs; dated),https://ficoforums.myfico.com/t5/Credit-Card-Approvals/City-National-Bank-Crystal-Infinite-Approval/td-p/5699698 | https://ficoforums.myfico.com/t5/Credit-Cards/City-National-Bank-Crystal-credit-card-review/td-p/5469704 | https://www.cnb.com/business-banking/lending/credit-cards/commercial.html,Crystal program has since been revamped; commercial card underwriting is relationship-based - bureau may not even be the gating factor
TRI COUNTIES BANK,28,SELF,UNKNOWN - no bureau DPs found on myFICO/CreditBoards/Reddit/DoC/WalletHub; card apps are branch/banker-assisted which suppresses community DP generation,HARD presumed at application (standard bank card underwriting) - not verified,Business card (Visa Business/Platinum/Commercial/Purchasing/Fleet),None found,Two search angles (forums + reddit/BBB) returned zero pull DPs,UNKNOWN,n/a,https://www.tcbk.com/business/credit-cards | https://wallethub.com/profile/tri-counties-bank-13007590i,Branch-app channel = ask the banker which bureau before signing; no online instant pull
FREMONT BANK,43,SELF,UNKNOWN - no pull DPs on myFICO/CreditBoards/Reddit/DoC; bank disclosures do not name a bureau,HARD presumed at application - not verified,Business card (Business Platinum MC + Low Rate/Rewards/World Elite); existing-customer-only program,None found,Two angles (forum DP search + own disclosure pages) = zero bureau evidence,UNKNOWN,n/a,https://www.fremontbank.com/business/credit/platinum-credit-card | https://www.fremontbank.com/business/credit,Customers-only relationship program; ask banker; community DP base nonexistent
SAFE CREDIT UNION,55,SELF,TransUnion per CA consumer DPs: 'pulls TU for membership and pulls again when applying for cards - no reuse',HARD TU for card apps (consumer DPs); membership app sometimes ChexSystems-only with NO hard pull (denial-for-Chex DP exists),Bureau evidence is from CONSUMER Platinum Cash Rewards; Business Visa app is appointment-only - assume same TU but unverified,ChexSystems at membership; no SageStream/LexisNexis DPs,myFICO 6150354: TU membership + new TU pull per card / no pull-reuse; 6362156: $25K Cash Rewards approval; 6416114: membership denied on Chex with NO hard pull; 1-yr-member question on app affected approval,CONSUMER-PROXY - TU,2020-2022,https://ficoforums.myfico.com/t5/Credit-Cards/Safe-Credit-Union-California-membership-and-cash-rewards-credit/td-p/6150354 | https://ficoforums.myfico.com/t5/Credit-Card-Approvals/Safe-Credit-Union-Cash-Rewards-25-000-Approval/td-p/6362156 | https://ficoforums.myfico.com/t5/Credit-Cards/Safe-Credit-Union/td-p/6416114,TWIN-RISK: SAFE Federal CU (South Carolina) is a different institution - DPs above are the Folsom CA one; pull-reuse explicitly NOT honored per DP
NUVISION FEDERAL CREDIT UNION,68,SELF,UNKNOWN - no bureau pull DPs found (forums/Reddit/WalletHub),HARD presumed at application - not verified,Business card (Business Visa Rewards); APR only by phone,None found,Two angles searched; zero DPs; WalletHub reviews are service complaints not pull DPs,UNKNOWN,n/a,https://nuvisionfederal.com/business-banking/credit-cards | https://wallethub.com/profile/nuvision-federal-credit-union-13307181i,Multi-state CU (CA/AK/WY/WA/AZ) - bureau may vary by region even when DPs surface
ORANGE COUNTY'S FEDERAL CREDIT UNION,80,SELF,EXPERIAN - own FAQ/knowledge base states: 'typically pulls a report from Experian when qualifying you for a consumer loan; all three bureaus for a home loan; if Experian unavailable may use another bureau',HARD Experian for loan/card qualification (per own KB),FAQ wording covers CONSUMER loans; Business MC is branch/phone-only - Experian likely but FAQ doesn't name business products,None disclosed,Official KB answer (fuzeqna/orangecountys) - rare institution-published bureau disclosure,VERIFIED-disclosure (consumer products; business card assumed same),KB undated (live 2026-06),http://www.fuzeqna.com/orangecountys/ext/kb218-credit-bureau-report-experian-equifax-transunion-what-credit-agencies-do-you-use-to-pull-credit-reports | https://www.orangecountyscu.org/resources/frequently-asked-questions/,Strongest-grade find in this cohort; fallback-bureau clause means EX freeze would trigger TU/EQ pull not denial
ALTURA FEDERAL CREDIT UNION,85,SELF,Experian per myFICO DPs ('Altura pulls EXP'); $20K Altura MC instant approval DP exists,HARD Experian (consumer card DPs),Bureau evidence is from CONSUMER Mastercard; Business Platinum is in-person app - assume same EX (single processor) but unverified,None reported,myFICO 6680344 'A few approvals': $20K Altura MC instant approval; 4178643 Inland Empire thread: EXP pull,CONSUMER-PROXY - EX,2014-2023 (mixed-age threads),https://ficoforums.myfico.com/t5/Credit-Card-Approvals/A-few-approvals/td-p/6680344 | https://ficoforums.myfico.com/t5/Credit-Cards/Altura-Credit-Union-Inland-Empire/td-p/4178643,Business card: no LLC required / up to $25K OAC; in-person channel suppresses biz DPs
FIREFIGHTERS FIRST FEDERAL CREDIT UNION,91,SELF,UNKNOWN bureau - no pull DPs (niche occupational membership = thin community coverage); own blog explains hard-vs-soft generically without naming its bureau,HARD at application (final lending determination per own education page); business card additionally FULL-DOC (biz income stmt + biz federal tax returns),Business Platinum Visa distinct from consumer Classic/Platinum/Signature Visas; business membership prereq,None found,Searched myFICO/Reddit/own site; zero bureau DPs; CPF (CA Professional Firefighters) co-brand exists on consumer side,UNKNOWN,n/a,https://www.firefightersfirstcu.org/Business/Business-Loans/Business-Credit-Cards | https://www.firefightersfirstcu.org/Resources/Education/Blog/Soft-vs-Hard-Credit-Checks,Full-doc underwriting means bureau choice matters less than financials; email/phone app channel
