Institution,ChexSystems,Chex_link,EWS,EWS_link,LexisNexis_SageStream,LN_link,Other_secondary,Other_link,Notes
Altos Bank,UNKNOWN,—,UNKNOWN,—,UNKNOWN,—,UNKNOWN,—,v6 ews_chex_mapping. Not covered by DoC lists; not individually web-searched (low priority). UNKNOWN.
Altura Credit Union,UNKNOWN,—,UNKNOWN,—,UNKNOWN,—,UNKNOWN,—,v6 ews_chex_mapping. Not covered by DoC lists; not individually web-searched (low priority). UNKNOWN.
America First Credit Union,Pull: Yes [COMMUNITY-DP (secondary site); 2025-10-21],https://www.crediful.com/chexsystems/america-first-credit-union/,UNKNOWN,—,UNKNOWN,—,UNKNOWN,—,"v6 ews_chex_mapping. NEW vs N/M: Crediful (updated 2025-10-21): 'America First Credit Union does use ChexSystems when reviewing new account applications.' (Utah-HQ AFCU, americafirst.com — lends in CA.)"
American Airlines Credit Union,UNKNOWN,—,UNKNOWN,—,UNKNOWN,—,UNKNOWN,—,v6 ews_chex_mapping. Not covered by DoC lists; not individually web-searched (low priority). UNKNOWN.
American Business Bank,"Consumer: UNKNOWN — no deposit agreement public; online banking agmt mentions only optional 'review of your credit rating' for bill-pay (own doc, no Chex/EWS named) | BUSINESS: UNKNOWN — corporate/RM channel; no online opener; no DP found [2026-06-11 (searched)]",https://americanbb.bank/online-banking-agreement/,Consumer: UNKNOWN | BUSINESS: UNKNOWN [2026-06-11 (searched)],https://americanbb.bank/online-banking-agreement/,UNKNOWN,—,UNKNOWN,—,"v7 chex_socal_banks (business angle). ❓ UNKNOWN — ask (lean: corporate channel, likely manual review). v6 ews_chex_mapping. Not covered by DoC lists; not individually web-searched (low priority). UNKNOWN."
American Continental Bank,UNKNOWN,—,UNKNOWN,—,UNKNOWN,—,UNKNOWN,—,v6 ews_chex_mapping. Not covered by DoC lists; not individually web-searched (low priority). UNKNOWN.
American Express,Yes — consumer checking (Crediful 2025-10-21; DP 2026-04-14); biz checking N/M [DOC-LIST + COMMUNITY-DP; 2026-05-22],https://www.doctorofcredit.com/banks-credit-unions-dodont-pull-chexsystems/,Yes — pulls + reports (DoC list; DP 2026-05-22) [DOC-LIST + COMMUNITY-DP; 2026-05-22],https://www.doctorofcredit.com/banks-credit-unions-dodont-pull-early-warning-services/#comment-2326911,UNKNOWN,—,UNKNOWN,—,"v6 ews_chex_mapping. D3 EWS list: Does pull. 2026-05-22: Amex inquiry + Amex Checking reports. Gadget 2024-05-05: personal checking reports to EWS, no inquiry seen (existing CC holder). CONFIRMS existing cells."
American First National Bank,UNKNOWN,—,UNKNOWN,—,UNKNOWN,—,UNKNOWN,—,v6 ews_chex_mapping. Not covered by DoC lists; not individually web-searched (low priority). UNKNOWN.
"American Plus Bank, N.A.",UNKNOWN,—,UNKNOWN,—,UNKNOWN,—,UNKNOWN,—,v6 ews_chex_mapping. Searched 2026-06-10 (web + DoC docs): no Chex/EWS data points found. UNKNOWN — never guess; verify with banker at opening.
American Riviera Bank,UNKNOWN,—,UNKNOWN,—,UNKNOWN,—,UNKNOWN,—,v6 ews_chex_mapping. Not covered by DoC lists; not individually web-searched (low priority). UNKNOWN.
American United Federal Credit Union,UNKNOWN,—,UNKNOWN,—,UNKNOWN,—,UNKNOWN,—,v6 ews_chex_mapping. Searched 2026-06-10 (web + DoC docs): no Chex/EWS data points found. UNKNOWN — never guess; verify with banker at opening.
Arrowhead Credit Union,UNKNOWN,—,UNKNOWN,—,UNKNOWN,—,UNKNOWN,—,v6 ews_chex_mapping. Not covered by DoC lists; not individually web-searched (low priority). UNKNOWN.
Asian Pacific National Bank,UNKNOWN,—,UNKNOWN,—,UNKNOWN,—,UNKNOWN,—,v6 ews_chex_mapping. Not covered by DoC lists; not individually web-searched (low priority). UNKNOWN.
Avidbank,UNKNOWN,—,UNKNOWN,—,UNKNOWN,—,UNKNOWN,—,v6 ews_chex_mapping. Not covered by DoC lists; not individually web-searched (low priority). UNKNOWN.
Axos Bank,"Yes — UPGRADE to VERIFIED: own support FAQ: 'Axos will not be able to process or approve your application with a ChexSystems freeze in place' — applies to PERSONAL and BUSINESS accounts; DoC: 6 DPs, NOT inquiry-sensitive (approved 50+/12mo) [VERIFIED (own FAQ) + DOC-LIST; 2026-06-12]",https://www.axosbank.com/business/support/faqs,UNKNOWN,—,UNKNOWN,—,UNKNOWN,—,P2 UPGRADE: Chex freeze = hard blocker incl. business banking. v6 ews_chex_mapping. NEW vs N/M: Axos pulls Chex but is inquiry-tolerant.
BAC Community Bank,UNKNOWN,—,UNKNOWN,—,UNKNOWN,—,UNKNOWN,—,v6 ews_chex_mapping. Not covered by DoC lists; not individually web-searched (low priority). UNKNOWN.
BMO Bank,"Yes — pulls (DoC 2025-08-07, 18+ DPs; Crediful 2025-10-22); historically NOT inquiry-sensitive [DOC-LIST + COMMUNITY-DP; 2026-05-22]",https://www.doctorofcredit.com/banks-credit-unions-dodont-pull-chexsystems/,N/M (not on DoC EWS list) [DOC-LIST + COMMUNITY-DP; 2026-05-22],https://www.doctorofcredit.com/banks-credit-unions-dodont-pull-early-warning-services/#comment-2326911,UNKNOWN,—,UNKNOWN,—,v6 ews_chex_mapping. UPGRADE vs existing EWS=N/M: BMO reports ACH to EWS (Dealgamer 2026-05-22) and is on Gadget 2022-11-20 EWS-reporter list (as BMO Harris/Harris Trust); D5 appendix: 'EWS in addition to Chex'. No EWS-inquiry DP. Chex sens page: NOT sensitive (approved 13+).
"BNY Mellon, N.A.",UNKNOWN,—,UNKNOWN,—,UNKNOWN,—,UNKNOWN,—,v6 ews_chex_mapping. Not covered by DoC lists; not individually web-searched (low priority). UNKNOWN.
Balboa Thrift and Loan Association,UNKNOWN,—,UNKNOWN,—,UNKNOWN,—,UNKNOWN,—,v6 ews_chex_mapping. Not covered by DoC lists; not individually web-searched (low priority). UNKNOWN.
Banc of California,Consumer: Yes — VERIFIED own DAAD eff. 2026-01-01: 'new accounts are subject to verification through ChexSystems' | BUSINESS: Yes (signer) — VERIFIED: same DAAD governs business accounts ('All other accounts shall be considered business accounts') and screening triggers 'by becoming an authorized signer'; closures reported to Chex [2026-06-11 (doc eff. 2026-01-01)],https://dam.bancofcal.com/m/7ac537b3b4b71842/original/Deposit-Account-Agreement-and-Disclosure-DAAD-1-1-26.pdf,Consumer: No mention — 0 EWS hits in 34-pg DAAD (lean-no) | BUSINESS: No mention (lean-no) [2026-06-11 (doc eff. 2026-01-01)],https://dam.bancofcal.com/m/7ac537b3b4b71842/original/Deposit-Account-Agreement-and-Disclosure-DAAD-1-1-26.pdf,UNKNOWN,—,UNKNOWN,—,v7 chex_socal_banks (business angle). ⚠ pulls one (Chex incl. biz signers; EWS lean-no) — upgrades v6 weak Unchex cell to VERIFIED. v6 ews_chex_mapping. Existing weak Unchex cell stands — verify in branch.
Bank Irvine,UNKNOWN,—,UNKNOWN,—,UNKNOWN,—,UNKNOWN,—,v6 ews_chex_mapping. Not covered by DoC lists; not individually web-searched (low priority). UNKNOWN.
Bank of America,"No — does not pull (DoC 2025-08-07, 9 DPs; comment 2026-03-06) [DOC-LIST + COMMUNITY-DP; 2026-05-22]",https://www.doctorofcredit.com/banks-credit-unions-dodont-pull-chexsystems/,Yes — pulls (EWS co-owner; DoC ×4 DPs) [DOC-LIST + COMMUNITY-DP; 2026-05-22],https://www.doctorofcredit.com/banks-credit-unions-dodont-pull-early-warning-services/#comment-2326911,Yes — uses SageStream 'Credit Optics' score data for CREDIT decisions (cards/loans); 'extremely unlikely to deny for frozen SageStream' unless thin traditional file [DOC-LIST; article 2016-08-08],https://www.doctorofcredit.com/bank-america-now-uses-sagestream-credit-optics-score-data-credit-decisions/,UNKNOWN,—,"P2: SageStream usage is credit-side, not deposit-screening; recorded per 4-column scheme. v6 ews_chex_mapping. DoC Chex: doesn't pull (9). EWS: inquiry + reports ACH w/ state field (2026-05-22); on Gadget 2022-11-20 EWS-reporter list. CONFIRMS existing cell."
"Bank of America California, N.A.",UNKNOWN,—,UNKNOWN,—,UNKNOWN,—,UNKNOWN,—,v6 ews_chex_mapping. Not covered by DoC lists; not individually web-searched (low priority). UNKNOWN.
Bank of Hope,Pull: Yes — SENSITIVE (want <5/12mo) [DOC-LIST; fetched 2026-06-10],https://www.doctorofcredit.com/banks-credit-unions-dodont-pull-chexsystems/,UNKNOWN,—,UNKNOWN,—,UNKNOWN,—,"v6 ews_chex_mapping. NEW vs N/M: DoC: Bank of Hope does pull (1); sens page: 'Denied with 7 in the last 12 months, they want less than 5'."
Bank of Marin,UNKNOWN,—,UNKNOWN,—,UNKNOWN,—,UNKNOWN,—,v6 ews_chex_mapping. Not covered by DoC lists; not individually web-searched (low priority). UNKNOWN.
Bank of San Francisco,UNKNOWN,—,UNKNOWN,—,UNKNOWN,—,UNKNOWN,—,v6 ews_chex_mapping. Not covered by DoC lists; not individually web-searched (low priority). UNKNOWN.
Bank of Stockton,UNKNOWN,—,UNKNOWN,—,UNKNOWN,—,UNKNOWN,—,v6 ews_chex_mapping. Not covered by DoC lists; not individually web-searched (low priority). UNKNOWN.
"Bank of Whittier, N.A.",UNKNOWN,—,UNKNOWN,—,UNKNOWN,—,UNKNOWN,—,v6 ews_chex_mapping. Not covered by DoC lists; not individually web-searched (low priority). UNKNOWN.
Bank of the Orient,UNKNOWN,—,UNKNOWN,—,UNKNOWN,—,UNKNOWN,—,v6 ews_chex_mapping. Not covered by DoC lists; not individually web-searched (low priority). UNKNOWN.
Bank of the Sierra,UNKNOWN,—,UNKNOWN,—,UNKNOWN,—,UNKNOWN,—,v6 ews_chex_mapping. Not covered by DoC lists; not individually web-searched (low priority). UNKNOWN.
Banner Bank,"Yes — pulls, sensitive (Unchex; BankDealGuy reader DP 2026-01-27); BankOn 'Digital Account' = fallback [COMMUNITY-DP; 2026-01-27 (existing cell)]",—,UNKNOWN,—,UNKNOWN,—,"QualiFile (ChexSystems/FIS scoring product) — auto-deny, no manual override [COMMUNITY-DP; 2026-01-27]",https://www.doctorofcredit.com/banks-credit-unions-dodont-pull-chexsystems/,SYSTEMIC (DoC): banks using the Chex QualiFile SCORE indirectly pull LexisNexis — frozen LexisNexis => abnormal Chex score => auto-decline 'citing frozen Chex'. Directly relevant to Banner's QualiFile auto-deny. QualiFile is the Chex-based decision engine; recorded under Other for product-level visibility. v6 ews_chex_mapping. Re-searched 2026-06-10: no newer DPs found. Existing cell stands (QualiFile auto-deny; BankOn 'Digital Account' as workaround path).
Baxter Credit Union (BCU),Membership: UNKNOWN — TRANSUNION default for credit (EX on request if TU frozen); ChexSystems use unconfirmed; 2019 CreditBoards DP suggests Chex IS checked but accounts opened even with frozen Chex (forgiving) | BUSINESS: UNKNOWN — own biz-account opening page exists; deposit-screen unpublished [2026-05-22 (EWS-clean); 2019 CreditBoards (Chex hint)],https://bcu.org/Banking/Business-Banking-Accounts/Opening-a-Business-Account,Membership: No — EWS-CLEAN (Dealgamer 2026-05-22 'doesn't report and no inquiry') | BUSINESS: UNKNOWN [2026-05-22 (EWS-clean); 2019 CreditBoards (Chex hint)],https://www.doctorofcredit.com/banks-credit-unions-dodont-pull-early-warning-services/#comment-2326911,UNKNOWN,—,UNKNOWN,—,v7 chex_socal_cus. ❓ UNKNOWN (Chex) / EWS-clean — GOLD-CANDIDATE pending Chex close. v6 ews_chex_mapping. NEW vs N/M: Baxter Credit Union (BCU) on Dealgamer 2026-05-22 'doesn't report and no inquiry' EWS list = EWS-CLEAN. Chex unknown — GOLD-TIER CANDIDATE pending Chex verification.
Beach Cities Commercial Bank,UNKNOWN,—,UNKNOWN,—,UNKNOWN,—,UNKNOWN,—,v6 ews_chex_mapping. Not covered by DoC lists; not individually web-searched (low priority). UNKNOWN.
"Beacon Business Bank, N.A.",UNKNOWN,—,UNKNOWN,—,UNKNOWN,—,UNKNOWN,—,v6 ews_chex_mapping. Not covered by DoC lists; not individually web-searched (low priority). UNKNOWN.
Beneficial State Bank,"Consumer: Lean-NO — own Personal Deposit Agreement names NO vendor; only generic 'credit report by a credit reporting agency' (VERIFIED-absence, own doc, 11pp) | BUSINESS: Lean-NO — own BUSINESS Deposit Agreement likewise names NO Chex/QualiFile/EWS; same generic credit-verification clause only (VERIFIED-absence, own doc, 9pp) [2026-06-11 (docs fetched)]",https://www.beneficialstatebank.com/uploads/files/Personal-Deposit-Account-Agreement-and-Disclosure.pdf,Consumer: Lean-NO (0 'Early Warning' hits both docs); no community DPs | BUSINESS: Lean-NO (same) [2026-06-11 (docs fetched)],https://www.beneficialstatebank.com/uploads/files/Personal-Deposit-Account-Agreement-and-Disclosure.pdf,UNKNOWN,—,UNKNOWN,—,v7 chex_socal_banks (business angle). 🥈 likely-no (absence-based: own docs name no vendor; no DP confirms). v6 ews_chex_mapping. Not covered by DoC lists; not individually web-searched (low priority). UNKNOWN.
BluPeak Credit Union (formerly USE Credit Union),Pull: Yes [DOC-LIST; 2025-08-07],https://www.doctorofcredit.com/banks-credit-unions-dodont-pull-chexsystems/,UNKNOWN,—,UNKNOWN,—,UNKNOWN,—,v6 ews_chex_mapping. DoC: BluPeak does pull (2); legacy USE CU does pull (1).
Bluevine (fintech),Membership: No — does NOT use ChexSystems (DoC 'don't pull' list + own marketing 'no ChexSystems check') | BUSINESS: No — same no-Chex/no-credit-check for business checking [2026-06-11],https://www.bluevine.com/faq,Membership: No (identity-only; may use risk checks but no Chex) | BUSINESS: No [2026-06-11],https://www.bluevine.com/faq,UNKNOWN,—,UNKNOWN,—,v7 chex_socal_cus. 🏆 GOLD (fintech no-Chex banking layer) — verified-no-Chex.
"C3bank, N.A.",UNKNOWN,—,UNKNOWN,—,UNKNOWN,—,UNKNOWN,—,v6 ews_chex_mapping. Not covered by DoC lists; not individually web-searched (low priority). UNKNOWN.
CAHP Credit Union,UNKNOWN,—,UNKNOWN,—,UNKNOWN,—,UNKNOWN,—,v6 ews_chex_mapping. Not covered by DoC lists; not individually web-searched (low priority). UNKNOWN.
CIBC National Trust Company,"Pull: UNKNOWN (parent CIBC does pull, 4 DPs) [v6 existing cell]",https://www.doctorofcredit.com/banks-credit-unions-dodont-pull-chexsystems/,UNKNOWN,—,UNKNOWN,—,UNKNOWN,—,v6 ews_chex_mapping. CIBC retail pulls Chex; trust-company onboarding likely different — do not apply.
CTBC Bank Corp. (USA),UNKNOWN,—,UNKNOWN,—,UNKNOWN,—,UNKNOWN,—,v6 ews_chex_mapping. Not covered by DoC lists; not individually web-searched (low priority). UNKNOWN.
CalPrivate Bank,UNKNOWN,—,UNKNOWN,—,UNKNOWN,—,UNKNOWN,—,v6 ews_chex_mapping. Not covered by DoC lists; not individually web-searched (low priority). UNKNOWN.
California Bank & Trust,Consumer: Yes — VERIFIED own charter-wide Deposit Agreement (eff. 2026-07-20): 'status reports by a credit reporting or check reporting agency' at opening; Crediful-Zions 2025-10-08 pulls Chex; Chex dispute address in doc | BUSINESS: Likely-Yes (signer) — same agreement governs 'CONSUMER ACCOUNTS... OR BUSINESS ACCOUNTS AND SERVICES'; verification clause is account-type-agnostic; no biz carve-out [2026-06-11 (doc eff. 2026-07-20; Crediful 2025-10-08)],https://www.zionsbank.com/content/dam/zbna/disclosures/shared/general/depositagreement.pdf (charter-wide incl. CB&T),"Consumer: Furnishes-YES (doc: 'request a copy of your consumer report... earlywarning.com'); inquiry-side UNKNOWN | BUSINESS: Furnishes likely (same doc, biz in scope); inquiry UNKNOWN [2026-06-11 (doc eff. 2026-07-20; Crediful 2025-10-08)]",https://www.zionsbank.com/content/dam/zbna/disclosures/shared/general/depositagreement.pdf (charter-wide incl. CB&T),UNKNOWN,—,UNKNOWN,—,"v7 chex_socal_banks (business angle). ⚠ pulls one (Chex incl. biz; EWS furnish confirmed, EWS inquiry unconfirmed). v6 ews_chex_mapping. No new DPs found; existing Zions-disclosure cell stands."
"California Bank of Commerce, N.A.",UNKNOWN,—,UNKNOWN,—,UNKNOWN,—,UNKNOWN,—,v6 ews_chex_mapping. Not covered by DoC lists; not individually web-searched (low priority). UNKNOWN.
California Business Bank,UNKNOWN,—,UNKNOWN,—,UNKNOWN,—,UNKNOWN,—,v6 ews_chex_mapping. Not covered by DoC lists; not individually web-searched (low priority). UNKNOWN.
California Coast Credit Union,UNKNOWN,—,UNKNOWN,—,UNKNOWN,—,UNKNOWN,—,P2: web-searched 2026-06-12 — no public deposit agreement naming a vendor and no DoC/forum DPs found; all four columns remain UNKNOWN (never guess). v6 ews_chex_mapping. Not covered by DoC lists; not individually web-searched (low priority). UNKNOWN.
California Credit Union,"Yes — pulls (CU-answered myFICO Q&A 2025-08-21: 'Chexsystems { Yes }'; 'Chex sensitive, apply in person' DP) [DOC-LIST + COMMUNITY-DP; 2025-08-21 (existing cell)]",https://www.doctorofcredit.com/banks-credit-unions-chexsystems-inquiry-sensitive/,UNKNOWN,—,UNKNOWN,—,UNKNOWN,—,v6 ews_chex_mapping. Sens page: California CU 'denied with 22 in the last 24 months'. CONFIRMS project-log flip (Chex-sensitive).
"California International Bank, N.A.",UNKNOWN,—,UNKNOWN,—,UNKNOWN,—,UNKNOWN,—,v6 ews_chex_mapping. Not covered by DoC lists; not individually web-searched (low priority). UNKNOWN.
California Pacific Bank,UNKNOWN,—,UNKNOWN,—,UNKNOWN,—,UNKNOWN,—,v6 ews_chex_mapping. Not covered by DoC lists; not individually web-searched (low priority). UNKNOWN.
Capital Bank and Trust Company,UNKNOWN,—,UNKNOWN,—,UNKNOWN,—,UNKNOWN,—,v6 ews_chex_mapping. Not covered by DoC lists; not individually web-searched (low priority). UNKNOWN.
Capital One,No — consumer 360 (Crediful 2025-10-18; DoC mixed 9/9) [DOC-LIST + COMMUNITY-DP; 2026-05-22],https://www.doctorofcredit.com/banks-credit-unions-dodont-pull-chexsystems/,Yes — pulls + reports (EWS co-owner; denial DP 2025-08-15) [DOC-LIST + COMMUNITY-DP; 2026-05-22],https://www.doctorofcredit.com/banks-credit-unions-dodont-pull-early-warning-services/#comment-2326911,UNKNOWN,—,UNKNOWN,—,v6 ews_chex_mapping. D3 EWS list: Does pull (x3 + 360). 2026-05-22: reports w/ balance info 'at all times'. CONFIRMS existing cells.
Cathay Bank,Generic-CRA-clause (vendor unnamed) — own Deposit Account Agreement (consumer+business) sec.50 'Use of Consumer Reporting Agencies': 'third party services to verify... previous banking relationships'; ChexSystems never named; one weak undated forum claim of NO Chex stands [VERIFIED-absence (own doc) + weak COMMUNITY-DP; 2026-06-12],https://www.cathaybank.com/documents/personal/digital-account-opening/deposit-account-agreement.pdf,Generic-CRA-clause (vendor unnamed) — 0 EWS hits in 40-pg agreement [VERIFIED-absence; 2026-06-12],https://www.cathaybank.com/documents/personal/digital-account-opening/deposit-account-agreement.pdf,Not named in own agreement [VERIFIED-absence; 2026-06-12] — inquiry-side UNKNOWN,https://www.cathaybank.com/documents/personal/digital-account-opening/deposit-account-agreement.pdf,UNKNOWN,—,"P2: also sec.14 'Consent to Gather Information' = generic credit-reporting-agency authorization. High-value verification call target. v6 ews_chex_mapping. Single undated forum answer lists Cathay Bank among non-ChexSystems banks in LA. Too weak to grade — treat as UNKNOWN, but a verification call is high-value (potential gold-tier)."
Charles Schwab Bank,UNKNOWN,—,"Yes — EWS inquiries appear as 'CHARLES SCHWAB via GIACT SERVICES' (mostly external-account linking, not always new-account screening) [COMMUNITY-DP; 2022-2025 DPs]",https://www.doctorofcredit.com/banks-credit-unions-dodont-pull-early-warning-services/,UNKNOWN,—,GIACT Services (Refinitiv/LSEG gDNA) — account-linking verification rail that posts EWS inquiries [COMMUNITY-DP],https://www.doctorofcredit.com/banks-credit-unions-dodont-pull-early-warning-services/,On DoC EWS list; multiple report DPs in docs_D3 (Nov 2022-Apr 2025 editions). Major CA branch presence.
Chase (JPMorgan Chase),No — does not pull (DoC list 2025-08-07; Chex-report DP 2026-04-14; biz also no-pull ×4) [DOC-LIST + COMMUNITY-DP; 2026-05-22],https://www.doctorofcredit.com/banks-credit-unions-dodont-pull-chexsystems/,Yes — pulls + reports (EWS co-owner; DPs 2026-05-22) [DOC-LIST + COMMUNITY-DP; 2026-05-22],https://www.doctorofcredit.com/banks-credit-unions-dodont-pull-early-warning-services/#comment-2326911,UNKNOWN,—,UNKNOWN,—,v6 ews_chex_mapping. DoC Chex: doesn't pull (36) + business doesn't pull (4). EWS: inquiry + reports ACH incl. balance (Dealgamer 2026-05-22). EWS co-owner. CONFIRMS existing cell.
Chime (fintech),No — does not pull Chex (DoC don't-pull list) [DOC-LIST; 2025-08-07],https://www.doctorofcredit.com/banks-credit-unions-dodont-pull-chexsystems/,No — 'doesn't report and no inquiry' (Dealgamer EWS-clean list) [COMMUNITY-DP; 2026-05-22],https://www.doctorofcredit.com/banks-credit-unions-dodont-pull-early-warning-services/#comment-2326911,UNKNOWN,—,UNKNOWN,—,SF-HQ fintech (Bancorp/Stride partner banks).
"Chino Commercial Bank, N.A.","Consumer: UNKNOWN — own disclosures page lists only Privacy/ToU/Patriot Act/EDIE; no deposit agreement online; no DPs (v6 also none) | BUSINESS: UNKNOWN — small commercial bank, branch/RM opening; no vendor named anywhere public [2026-06-11 (searched, no data)]",https://www.chinocommercialbank.com/about/general-information/disclosures/,"Consumer: UNKNOWN | BUSINESS: UNKNOWN [2026-06-11 (searched, no data)]",https://www.chinocommercialbank.com/about/general-information/disclosures/,UNKNOWN,—,UNKNOWN,—,v7 chex_socal_banks (business angle). ❓ UNKNOWN — ask. v6 ews_chex_mapping. Not covered by DoC lists; not individually web-searched (low priority). UNKNOWN.
Christian Community Credit Union (AdelFi),"Membership: Yes — pulls Chex (DoC 'does pull' list; 5 DPs; inquiry-sensitive, denied at 26+ inquiries) | BUSINESS: UNKNOWN — business checking + nonprofit checking offered; biz/nonprofit deposit-screen unpublished [2018-08-15 (EWS-clean DP); 2026-06-11]",https://www.adelfibanking.com/business/checking-savings/checking,Membership: No (2018 DP — Ampersand opened CCCU with no EWS inquiry) | BUSINESS: UNKNOWN [2018-08-15 (EWS-clean DP); 2026-06-11],https://www.adelfibanking.com/business/checking-savings/checking,UNKNOWN,—,UNKNOWN,—,"v7 chex_socal_cus. ⚠ PULLS-ONE (Chex, sensitive) / EWS-clean 2018. v6 ews_chex_mapping. NEW vs N/M: CCCU does pull Chex (5 DPs) and is inquiry-sensitive (sens page: denied at 26+). EWS: NOT among Ampersand's 2018-08-15 EWS inquiries (opened CCCU, no EWS inquiry). Now branded AdelFi."
Citi (Citibank),Yes — but approves with FROZEN Chex (DoC 2025-08-07 31 DPs; freeze-OK DPs 2026-04-14 + 2026-06-04) [DOC-LIST + COMMUNITY-DP; 2026-05-22],https://www.doctorofcredit.com/banks-credit-unions-dodont-pull-chexsystems/,Yes — pulls (DoC ×3; DP 2026-05-22) [DOC-LIST + COMMUNITY-DP; 2026-05-22],https://www.doctorofcredit.com/banks-credit-unions-dodont-pull-early-warning-services/#comment-2326911,UNKNOWN,—,UNKNOWN,—,"v6 ews_chex_mapping. EWS inquiry incl. Citi Retail + reports ACH (2026-05-22). Chex sens page: declined 9-10/4mo, approved 23/7mo — mildly sensitive. CONFIRMS existing cell."
Citizens Business Bank,"Consumer: UNKNOWN — every 'Citizens' Chex DP online is a NAME-TWIN (Citizens Bank RI/citizensbank.com, Citizens NM, GA) — none apply to cbbank.com; no own-doc deposit agreement indexed | BUSINESS: UNKNOWN — same; biz-first bank, RM channel [2026-06-11 (searched, twins only)]",https://www.cbbank.com/ (no agmt indexed),"Consumer: UNKNOWN — DoC EWS 'Citizens Bank (RI)' entry is the twin, NOT this bank | BUSINESS: UNKNOWN [2026-06-11 (searched, twins only)]",https://www.cbbank.com/ (no agmt indexed),UNKNOWN,—,UNKNOWN,—,v7 chex_socal_banks (business angle). ❓ UNKNOWN — ask. v6 ews_chex_mapping. Searched 2026-06-10 (web + DoC docs): no Chex/EWS data points found. UNKNOWN — never guess; verify with banker at opening.
"City First Bank, N.A.",UNKNOWN,—,UNKNOWN,—,UNKNOWN,—,UNKNOWN,—,v6 ews_chex_mapping. Not covered by DoC lists; not individually web-searched (low priority). UNKNOWN.
City National Bank,"Consumer: Yes-probable — DoC 'City National Bank' does pull (2 DPs), NOT sensitive (approved 15+/12mo); CAUTION some DPs may be CNB West Virginia twin; own Personal Disclosures (46pp) name NO vendor, only generic 'consumer reporting agencies, account information services' | BUSINESS: Signer-auth — VERIFIED own BUSINESS Deposit Disclosures (ID 174, 63pp): 'to consider a request to open an account... we may request information from consumer reporting agencies' — identical generic clause, NO Chex/EWS named [2026-06-11 (docs fetched)]",https://www.cnb.com/content/dam/cnb/business-banking/accounts/documents/business-accounts-deposit-account-agreement-174.pdf,Consumer: No mention own docs; no EWS DPs (lean-no) | BUSINESS: No mention (lean-no) [2026-06-11 (docs fetched)],https://www.cnb.com/content/dam/cnb/business-banking/accounts/documents/business-accounts-deposit-account-agreement-174.pdf,UNKNOWN,—,UNKNOWN,—,"v7 chex_socal_banks (business angle). ⚠ pulls one (Chex probable consumer; biz = generic CRA auth, vendor unnamed). v6 ews_chex_mapping. NEW vs N/M: DoC 'City National Bank' does pull (2); sens page: approved with 15+ in past year. CAUTION: some DoC CNB data may be City National Bank WV (a commenter: 'CNB WV pulls Chex, no EWS'). Verify which CNB before relying."
Column National Association,UNKNOWN,—,UNKNOWN,—,UNKNOWN,—,UNKNOWN,—,v6 ews_chex_mapping. Not covered by DoC lists; not individually web-searched (low priority). UNKNOWN.
Comerica Bank,Pull: Yes (3 DPs; NOT sensitive — approved 80+/24mo) [DOC-LIST + COMMUNITY-DP; 2024-05-05],https://www.doctorofcredit.com/banks-credit-unions-dodont-pull-chexsystems/,Pull: Yes [DOC-LIST + COMMUNITY-DP; 2024-05-05],https://www.doctorofcredit.com/banks-credit-unions-dodont-pull-early-warning-services/#comment-1196492,UNKNOWN,—,UNKNOWN,—,v6 ews_chex_mapping. NEW vs N/M: Comerica pulls Chex (3) but tolerates high inquiry counts; PULLS EWS (Davis 2021-05-26) and REPORTS account opening to EWS (Gadget 2022-11-20 + 2024-05-05; D5 appendix).
CommerceWest Bank,UNKNOWN,—,UNKNOWN,—,UNKNOWN,—,UNKNOWN,—,v6 ews_chex_mapping. Not covered by DoC lists; not individually web-searched (low priority). UNKNOWN.
Commercial Bank of California,"Consumer: Lean-NO vendor — own Customer Agreements (36pp, 2026-01 posting): generic 'obtain reports from... credit and consumer reporting agencies' clause scoped '(INDIVIDUAL ACCOUNT)'; ChexSystems/QualiFile never named | BUSINESS: Lean-NO — VERIFIED-absence: BUSINESS ACCOUNTS sections require only chartering docs + beneficial ownership; NO consumer-report authorization clause for business accounts at all [2026-06-11 (doc fetched; fees eff. 2025-05)]",https://cbcal.com/wp-content/uploads/2026/01/Account_Disclosures.Final_.v2.pdf,Consumer: No mention — 0 EWS hits (lean-no) | BUSINESS: No mention (lean-no) [2026-06-11 (doc fetched; fees eff. 2025-05)],https://cbcal.com/wp-content/uploads/2026/01/Account_Disclosures.Final_.v2.pdf,UNKNOWN,—,UNKNOWN,—,v7 chex_socal_banks (business angle). 🥈 likely-no (own-doc: no vendor named; biz sections have no CRA clause). v6 ews_chex_mapping. Not covered by DoC lists; not individually web-searched (low priority). UNKNOWN.
Commonwealth Business Bank (CBB),UNKNOWN,—,UNKNOWN,—,UNKNOWN,—,UNKNOWN,—,v6 ews_chex_mapping. Not covered by DoC lists; not individually web-searched (low priority). UNKNOWN.
Community Bank of Santa Maria,UNKNOWN,—,UNKNOWN,—,UNKNOWN,—,UNKNOWN,—,v6 ews_chex_mapping. Not covered by DoC lists; not individually web-searched (low priority). UNKNOWN.
Community Commerce Bank,UNKNOWN,—,UNKNOWN,—,UNKNOWN,—,UNKNOWN,—,v6 ews_chex_mapping. Not covered by DoC lists; not individually web-searched (low priority). UNKNOWN.
Community Valley Bank,UNKNOWN,—,UNKNOWN,—,UNKNOWN,—,UNKNOWN,—,v6 ews_chex_mapping. Not covered by DoC lists; not individually web-searched (low priority). UNKNOWN.
Community West Bank,UNKNOWN,—,UNKNOWN,—,UNKNOWN,—,UNKNOWN,—,v6 ews_chex_mapping. Searched 2026-06-10 (web + DoC docs): no Chex/EWS data points found. UNKNOWN — never guess; verify with banker at opening.
CommunityAmerica Credit Union (ex-UNIFY),"Membership: Yes (legacy UNIFY: 5 DPs, NOT sensitive, approved 50+/12mo); post-merger behavior unconfirmed | BUSINESS: UNKNOWN — biz checking offered; deposit-screen unpublished [2026-05-22 (EWS-clean DP); 2026-06-11]",https://www.communityamerica.com/business/bank/accounts/business-checking,Membership: No — EWS-CLEAN ('Community America' on Dealgamer 2026-05-22 'doesn't report and no inquiry' EWS list) | BUSINESS: UNKNOWN [2026-05-22 (EWS-clean DP); 2026-06-11],https://www.doctorofcredit.com/banks-credit-unions-dodont-pull-early-warning-services/#comment-2326911,UNKNOWN,—,UNKNOWN,—,"v7 chex_socal_cus. ⚠ PULLS-ONE (Chex legacy, not sensitive) / EWS-clean. v6 ews_chex_mapping. NEW vs N/M: 'Community America' on Dealgamer 2026-05-22 'doesn't report and no inquiry' EWS list = EWS-CLEAN. Chex via legacy UNIFY entries (does pull x5, approved 50+/12 = not sensitive); post-merger behavior unconfirmed."
Credit Union of New Jersey,UNKNOWN,—,UNKNOWN,—,UNKNOWN,—,UNKNOWN,—,v6 ews_chex_mapping. Not covered by DoC lists; not individually web-searched (low priority). UNKNOWN.
Credit Union of Southern California (CU SoCal),Membership: YES — HIGHLY SENSITIVE (own site: 'All accounts verified by ChexSystems'; denied at 3/6mo; Aspire = second-chance tier for ChexSystems-flagged) | BUSINESS: YES — own checking pages say 'All new accounts verified through ChexSystems'; consumer-focused (SSN/ITIN not EIN noted); no biz-bypass found [2026-06-10/11 (own site + sens page)],https://www.cusocal.org/accounts/open-an-account/,Membership: UNKNOWN | BUSINESS: UNKNOWN [2026-06-10/11 (own site + sens page)],https://www.cusocal.org/accounts/open-an-account/,UNKNOWN,—,UNKNOWN,—,"v7 chex_socal_cus. ❌ BOTH-PULL-ish (Chex confirmed + highly sensitive) — open FIRST or skip. v6 ews_chex_mapping. NEW vs N/M: CU SoCal sens page: denied at 3/6 or 12/12; approved at 1/6, 5/12, 11/24. One of the MOST Chex-inquiry-sensitive in the table — open FIRST or skip."
East West Bank,"Yes — Crediful: uses Chex to screen checking applicants; own Deposit Agreement (eff. 2024-06-01) 'New Account Verification' = generic 'check or credit reporting agency', vendor UNNAMED [COMMUNITY-DP (Crediful) + Generic-CRA-clause (own doc); 2026-06-12]",https://www.crediful.com/chexsystems/east-west-bank/,Generic-CRA-clause (vendor unnamed) — own Deposit Agreement names no EWS; 0 'Early Warning' hits in 60-pg doc [VERIFIED-absence; 2026-06-12],https://www.eastwestbank.com/content/dam/ewb-dotcom/docs/terms-and-conditions/Deposit_Account_Agreement.pdf,Not named in own 60-pg Deposit Agreement [VERIFIED-absence; 2026-06-12] — inquiry-side UNKNOWN,https://www.eastwestbank.com/content/dam/ewb-dotcom/docs/terms-and-conditions/Deposit_Account_Agreement.pdf,UNKNOWN,—,P2: agreement quote: 'We may use a third-party service to verify and obtain information regarding your previous banking relationships... credit information from a check or credit reporting agency'. v6 ews_chex_mapping. NEW vs N/M: Crediful: East West Bank uses ChexSystems to screen checking applicants.
Eastern International Bank,UNKNOWN,—,UNKNOWN,—,UNKNOWN,—,UNKNOWN,—,v6 ews_chex_mapping. Not covered by DoC lists; not individually web-searched (low priority). UNKNOWN.
"El Dorado Savings Bank, F.S.B.",UNKNOWN,—,UNKNOWN,—,UNKNOWN,—,UNKNOWN,—,v6 ews_chex_mapping. Not covered by DoC lists; not individually web-searched (low priority). UNKNOWN.
Endeavor Bank,UNKNOWN,—,UNKNOWN,—,UNKNOWN,—,UNKNOWN,—,v6 ews_chex_mapping. Not covered by DoC lists; not individually web-searched (low priority). UNKNOWN.
Enterprise Bank & Trust,"Consumer: UNKNOWN — no public deposit agreement online; no DoC/forum DPs (searched 2026-06-11; v6 also no-data 2026-06-10) | BUSINESS: UNKNOWN — RM-channel onboarding, no online opener found; no DP either way [2026-06-11 (searched, no data)]","https://www.enterprisebank.com/disclosures (privacy only, no deposit agmt)","Consumer: UNKNOWN — no data | BUSINESS: UNKNOWN — no data [2026-06-11 (searched, no data)]","https://www.enterprisebank.com/disclosures (privacy only, no deposit agmt)",UNKNOWN,—,UNKNOWN,—,v7 chex_socal_banks (business angle). ❓ UNKNOWN — ask. v6 ews_chex_mapping. Searched 2026-06-10 (web + DoC docs): no Chex/EWS data points found. UNKNOWN — never guess; verify with banker at opening.
"EverBank, N.A.",Yes — legacy 'TIAA' entry (DoC 2025-08-07) [DOC-LIST + COMMUNITY-DP; 2022-11-20],https://www.doctorofcredit.com/banks-credit-unions-dodont-pull-chexsystems/,UNKNOWN,—,UNKNOWN,—,UNKNOWN,—,v6 ews_chex_mapping. UPGRADE vs existing EWS=N/M: TIAA Bank (now EverBank) on Gadget 2022-11-20 EWS-reporter list; sens page: TIAA Direct NOT sensitive (50+/12 OK).
EverTrust Bank,UNKNOWN,—,UNKNOWN,—,UNKNOWN,—,UNKNOWN,—,v6 ews_chex_mapping. Not covered by DoC lists; not individually web-searched (low priority). UNKNOWN.
Exchange Bank,UNKNOWN,—,UNKNOWN,—,UNKNOWN,—,UNKNOWN,—,v6 ews_chex_mapping. Not covered by DoC lists; not individually web-searched (low priority). UNKNOWN.
F&A Federal Credit Union,UNKNOWN,—,UNKNOWN,—,UNKNOWN,—,UNKNOWN,—,v6 ews_chex_mapping. Not covered by DoC lists; not individually web-searched (low priority). UNKNOWN.
FFB Bank,UNKNOWN,—,UNKNOWN,—,UNKNOWN,—,UNKNOWN,—,v6 ews_chex_mapping. Searched 2026-06-10 (web + DoC docs): no Chex/EWS data points found. UNKNOWN — never guess; verify with banker at opening.
FNBO (First National Bank of Omaha),"Consumer: UNKNOWN-sensitive — DoC consumer bonus page field: 'ChexSystems: Unknown, sensitive'; 'Soft pull' | BUSINESS: UNKNOWN-sensitive — DoC BUSINESS checking bonus page (in-branch offer) same fields: 'ChexSystems: Unknown, sensitive' + 'Soft pull'; screening vendor unconfirmed [2026-06-11 (DoC pages fetched)]",https://www.doctorofcredit.com/il-ne-ks-tx-co-in-branch-fnbo-bank-500-business-checking-bonus/,Consumer: UNKNOWN — not on DoC EWS list | BUSINESS: UNKNOWN [2026-06-11 (DoC pages fetched)],https://www.doctorofcredit.com/il-ne-ks-tx-co-in-branch-fnbo-bank-500-business-checking-bonus/,UNKNOWN,—,UNKNOWN,—,"v7 chex_socal_banks (business angle). ❓ UNKNOWN — ask (lean: soft-pull, Chex-sensitive if pulled)."
Farmers & Merchants Bank of Central California,UNKNOWN,—,UNKNOWN,—,UNKNOWN,—,UNKNOWN,—,v6 ews_chex_mapping. Not covered by DoC lists; not individually web-searched (low priority). UNKNOWN.
Farmers & Merchants Bank of Long Beach,Consumer: Yes — VERIFIED own T&C (eff. Apr 2024): 'new accounts are subject to verification through ChexSystems®' | BUSINESS: Yes — VERIFIED: same T&C explicitly 'apply to both personal account owners... and business account owners'; CREDIT VERIFICATION section is account-type-agnostic; also reports closures to Chex [2026-06-11 (doc eff. 2024-04)],https://www.fmb.com/-/media/terms-and-conditions/fmb-termsandconditions.pdf,"Consumer: No mention — 0 'Early Warning' hits in 48-pg T&C (lean-no, not conclusive) | BUSINESS: No mention (lean-no, same doc) [2026-06-11 (doc eff. 2024-04)]",https://www.fmb.com/-/media/terms-and-conditions/fmb-termsandconditions.pdf,UNKNOWN,—,UNKNOWN,—,"v7 chex_socal_banks (business angle). ⚠ pulls one (Chex, incl. business; EWS lean-no). v6 ews_chex_mapping. Searched 2026-06-10 (web + DoC docs): no Chex/EWS data points found. UNKNOWN — never guess; verify with banker at opening."
Fifth Third Bank,Pull: Yes (14 DPs; single combined pull for chk+sav same day) [DOC-LIST + COMMUNITY-DP; 2026-05-22],https://www.doctorofcredit.com/banks-credit-unions-dodont-pull-chexsystems/,Pull: Yes [DOC-LIST + COMMUNITY-DP; 2026-05-22],https://www.doctorofcredit.com/banks-credit-unions-dodont-pull-early-warning-services/#comment-2326911,UNKNOWN,—,UNKNOWN,—,v6 ews_chex_mapping. NEW vs N/M: Fifth Third pulls Chex (sens page: declined 10/6 = somewhat sensitive); EWS inquiry + reports ACH (2026-05-22; also 2024-03-27 inquiry DP).
Financial Partners Credit Union,UNKNOWN,—,UNKNOWN,—,UNKNOWN,—,UNKNOWN,—,v6 ews_chex_mapping. Not covered by DoC lists; not individually web-searched (low priority). UNKNOWN.
Firefighters First Credit Union,Membership: UNKNOWN — no Chex/EWS data (occupational closed SEG) | BUSINESS: UNKNOWN [2026-06-10 (no data); 2026-06-11 eligibility verified],https://www.firefightersfirstcu.org/Resources/Become-A-Member/Membership-Eligibility,Membership: UNKNOWN | BUSINESS: UNKNOWN [2026-06-10 (no data); 2026-06-11 eligibility verified],https://www.firefightersfirstcu.org/Resources/Become-A-Member/Membership-Eligibility,UNKNOWN,—,UNKNOWN,—,v7 chex_socal_cus. ❓ UNKNOWN — but eligibility-gated; deprioritize. v6 ews_chex_mapping. Web search 2026-06-10 found no Chex/EWS data for Firefighters First CU. Closed SEG (firefighter families). Ask at onboarding.
"First American Trust, FSB",UNKNOWN,—,UNKNOWN,—,UNKNOWN,—,UNKNOWN,—,v6 ews_chex_mapping. Not covered by DoC lists; not individually web-searched (low priority). UNKNOWN.
First Bank (MO),UNKNOWN,—,UNKNOWN,—,UNKNOWN,—,UNKNOWN,—,"v6 ews_chex_mapping. No DPs for First Bank (firstbanks.com, MO). DoC 'First Bank (Myfirstbank)' = FirstBank Colorado (doesn't pull) and sens-page 'First Bank'/'FirstBank [CA,AZ,CO]' entries are AMBIGUOUS — do not apply."
First Citizens Bank,Yes — pulls (DoC 2025-08-07; Crediful 2025-10-07) [DOC-LIST + COMMUNITY-DP; 2022-11-20],https://www.doctorofcredit.com/banks-credit-unions-dodont-pull-chexsystems/,N/M (not on DoC EWS list) [DOC-LIST + COMMUNITY-DP; 2022-11-20],https://www.doctorofcredit.com/banks-credit-unions-dodont-pull-early-warning-services/#comment-1492418,UNKNOWN,—,UNKNOWN,—,v6 ews_chex_mapping. UPGRADE vs existing EWS=N/M: First Citizens Bank is on Gadget 2022-11-20 list of banks that REPORT new accounts/activity to EWS (no inquiry DP). Chex sens page: declined only at 32+/12mo — tolerant of moderate inquiry counts.
First City Credit Union,UNKNOWN,—,UNKNOWN,—,UNKNOWN,—,UNKNOWN,—,v6 ews_chex_mapping. Not covered by DoC lists; not individually web-searched (low priority). UNKNOWN.
First Commercial Bank (USA),UNKNOWN,—,UNKNOWN,—,UNKNOWN,—,UNKNOWN,—,v6 ews_chex_mapping. Not covered by DoC lists; not individually web-searched (low priority). UNKNOWN.
First Credit Bank,UNKNOWN,—,UNKNOWN,—,UNKNOWN,—,UNKNOWN,—,v6 ews_chex_mapping. Not covered by DoC lists; not individually web-searched (low priority). UNKNOWN.
First Federal S&L of San Rafael,UNKNOWN,—,UNKNOWN,—,UNKNOWN,—,UNKNOWN,—,v6 ews_chex_mapping. Not covered by DoC lists; not individually web-searched (low priority). UNKNOWN.
First Foundation Bank,UNKNOWN,—,Pull: Yes [COMMUNITY-DP; 2021-05-26],https://www.doctorofcredit.com/banks-credit-unions-dodont-pull-early-warning-services/#comment-1196492,UNKNOWN,—,UNKNOWN,—,v6 ews_chex_mapping. NEW vs N/M: First Foundation on Davis 2021-05-26 list of banks that PULLED his EWS.
First General Bank,UNKNOWN,—,UNKNOWN,—,UNKNOWN,—,UNKNOWN,—,v6 ews_chex_mapping. Not covered by DoC lists; not individually web-searched (low priority). UNKNOWN.
First IC Bank,UNKNOWN,—,UNKNOWN,—,UNKNOWN,—,UNKNOWN,—,v6 ews_chex_mapping. Not covered by DoC lists; not individually web-searched (low priority). UNKNOWN.
First Northern Bank of Dixon,UNKNOWN,—,UNKNOWN,—,UNKNOWN,—,UNKNOWN,—,v6 ews_chex_mapping. Not covered by DoC lists; not individually web-searched (low priority). UNKNOWN.
First Pacific Bank,UNKNOWN,—,UNKNOWN,—,UNKNOWN,—,UNKNOWN,—,v6 ews_chex_mapping. Not covered by DoC lists; not individually web-searched (low priority). UNKNOWN.
First Tech Federal Credit Union,Pull: Mixed (4 yes / 3 no) — SENSITIVE [DOC-LIST; 2025-08-07],https://www.doctorofcredit.com/banks-credit-unions-dodont-pull-chexsystems/,UNKNOWN,—,UNKNOWN,—,UNKNOWN,—,"v6 ews_chex_mapping. DoC Chex mixed; sens page: denied 15/24, 22/9; approved 85+/24 (inconsistent but lean sensitive)."
First Western Trust Bank,N/M (HNW manual onboarding; no DPs) [v6 existing cell],—,UNKNOWN,—,UNKNOWN,—,UNKNOWN,—,v6 ews_chex_mapping. Existing cell stands; no new evidence found in DoC docs.
Five Star Bank,UNKNOWN,—,UNKNOWN,—,UNKNOWN,—,UNKNOWN,—,v6 ews_chex_mapping. Not covered by DoC lists; not individually web-searched (low priority). UNKNOWN.
"Flagstar Bank, N.A.",Yes — pulls (DoC 2025-08-07) [DOC-LIST; 2025-08-07],https://www.doctorofcredit.com/banks-credit-unions-dodont-pull-chexsystems/,UNKNOWN,—,UNKNOWN,—,UNKNOWN,—,v6 ews_chex_mapping. DoC: Flagstar does pull (1). Now NYCB family — sens page: 'NYCB Family of Banks declined with 12 in last 24 months' = moderately sensitive. CONFIRMS existing cell + adds sensitivity.
Found (fintech),Membership: No — does NOT use ChexSystems (DoC 'don't pull' list + own description 'no credit check or ChexSystems') | BUSINESS: No — same; designed for self-employed/sole-props [2026-06-11],https://www.doctorofcredit.com/banks-credit-unions-dodont-pull-chexsystems/,Membership: No (identity-only) | BUSINESS: No [2026-06-11],https://www.doctorofcredit.com/banks-credit-unions-dodont-pull-chexsystems/,UNKNOWN,—,UNKNOWN,—,v7 chex_socal_cus. 🏆 GOLD (fintech no-Chex banking layer) — verified-no-Chex.
Fremont Bank,Pull: Yes — SENSITIVE [DOC-LIST; fetched 2026-06-10],https://www.doctorofcredit.com/banks-credit-unions-chexsystems-inquiry-sensitive/,UNKNOWN,—,UNKNOWN,—,UNKNOWN,—,v6 ews_chex_mapping. NEW vs N/M: DoC inquiry-sensitive list: Fremont Bank 'Declined with 10 in past 12 months'.
Frontwave Credit Union,UNKNOWN,—,UNKNOWN,—,UNKNOWN,—,UNKNOWN,—,v6 ews_chex_mapping. Not covered by DoC lists; not individually web-searched (low priority). UNKNOWN.
GBC International Bank,UNKNOWN,—,UNKNOWN,—,UNKNOWN,—,UNKNOWN,—,v6 ews_chex_mapping. Searched 2026-06-10 (web + DoC docs): no Chex/EWS data points found. UNKNOWN — never guess; verify with banker at opening.
"Gateway Bank, F.S.B.",UNKNOWN,—,UNKNOWN,—,UNKNOWN,—,UNKNOWN,—,v6 ews_chex_mapping. Not covered by DoC lists; not individually web-searched (low priority). UNKNOWN.
Genesis Bank,UNKNOWN,—,UNKNOWN,—,UNKNOWN,—,UNKNOWN,—,v6 ews_chex_mapping. Not covered by DoC lists; not individually web-searched (low priority). UNKNOWN.
Golden 1 Credit Union,Yes — pulls Chex and is INQUIRY-SENSITIVE ('signing up for lots of bank bonuses => struggle to be approved for membership') [DOC-LIST; 2026-06-12 search],https://www.doctorofcredit.com/banks-credit-unions-chexsystems-inquiry-sensitive/,UNKNOWN,—,UNKNOWN,—,"Equifax HARD pull just to join (credit bureau, noted for completeness) [COMMUNITY-DP; 2026-06-12]",https://www.doctorofcredit.com/banks-credit-unions-dodont-pull-chexsystems/,P2 UPGRADE vs UNKNOWN. Non-CA join requires Financial Fitness Association ($5). v6 ews_chex_mapping. Not covered by DoC lists; not individually web-searched (low priority). UNKNOWN.
"Golden Bank, N.A.",UNKNOWN,—,UNKNOWN,—,UNKNOWN,—,UNKNOWN,—,v6 ews_chex_mapping. Not covered by DoC lists; not individually web-searched (low priority). UNKNOWN.
Golden State Bank,UNKNOWN,—,UNKNOWN,—,UNKNOWN,—,UNKNOWN,—,v6 ews_chex_mapping. Not covered by DoC lists; not individually web-searched (low priority). UNKNOWN.
Golden Valley Bank,UNKNOWN,—,UNKNOWN,—,UNKNOWN,—,UNKNOWN,—,v6 ews_chex_mapping. Not covered by DoC lists; not individually web-searched (low priority). UNKNOWN.
HCN Bank,UNKNOWN,—,UNKNOWN,—,UNKNOWN,—,UNKNOWN,—,v6 ews_chex_mapping. Searched 2026-06-10 (web + DoC docs): no Chex/EWS data points found. UNKNOWN — never guess; verify with banker at opening.
HSBC Bank USA,Mixed DPs (DoC 2025-08-07) [DOC-LIST; 2025-08-07],https://www.doctorofcredit.com/banks-credit-unions-dodont-pull-chexsystems/,"Yes — pulls, multiple DPs (DoC EWS list, acc. 2026-06-10) [DOC-LIST; 2025-08-07]",https://www.doctorofcredit.com/banks-credit-unions-dodont-pull-early-warning-services/,UNKNOWN,—,UNKNOWN,—,v6 ews_chex_mapping. DoC Chex mixed; D3 EWS list: does pull x4 (savings + checking).
Habib American Bank (HAB),UNKNOWN,—,UNKNOWN,—,UNKNOWN,—,UNKNOWN,—,v6 ews_chex_mapping. Not covered by DoC lists; not individually web-searched (low priority). UNKNOWN.
Hanmi Bank,Pull: Yes (NOT sensitive — approved 10+/12mo) [DOC-LIST; fetched 2026-06-10],https://www.doctorofcredit.com/banks-credit-unions-chexsystems-inquiry-sensitive/,UNKNOWN,—,UNKNOWN,—,UNKNOWN,—,v6 ews_chex_mapping. NEW vs N/M: Hanmi on sens page NOT-sensitive list: 'Approved with 10+ in the last 12 months' — implies Hanmi pulls Chex but tolerates inquiries.
Hatch Bank,UNKNOWN,—,UNKNOWN,—,UNKNOWN,—,UNKNOWN,—,v6 ews_chex_mapping. Not covered by DoC lists; not individually web-searched (low priority). UNKNOWN.
Heritage Bank of Commerce,UNKNOWN,—,UNKNOWN,—,UNKNOWN,—,UNKNOWN,—,v6 ews_chex_mapping. Not covered by DoC lists; not individually web-searched (low priority). UNKNOWN.
Home Bank of California,UNKNOWN,—,UNKNOWN,—,UNKNOWN,—,UNKNOWN,—,v6 ews_chex_mapping. Searched 2026-06-10 (web + DoC docs): no Chex/EWS data points found. UNKNOWN — never guess; verify with banker at opening.
HomeStreet Bank,Pull: Yes — approve-then-CLOSE risk [DOC-LIST; 2025-08-07],https://www.doctorofcredit.com/banks-credit-unions-dodont-pull-chexsystems/,UNKNOWN,—,UNKNOWN,—,UNKNOWN,—,"v6 ews_chex_mapping. DoC: HomeStreet does pull (1); sens page: 'Often approves then closes; denied at 3/3, 9/12, 18/12'."
"ICBC USA, N.A.",UNKNOWN,—,UNKNOWN,—,UNKNOWN,—,UNKNOWN,—,v6 ews_chex_mapping. Not covered by DoC lists; not individually web-searched (low priority). UNKNOWN.
Icon Business Bank,UNKNOWN,—,UNKNOWN,—,UNKNOWN,—,UNKNOWN,—,v6 ews_chex_mapping. Searched 2026-06-10 (web + DoC docs): no Chex/EWS data points found. UNKNOWN — never guess; verify with banker at opening.
Infinity Bank,"N/M (no disclosure, no DPs — ask the banker) [v6 existing cell; 2026-06-10 (searched, no data)]",—,UNKNOWN,—,UNKNOWN,—,UNKNOWN,—,v6 ews_chex_mapping. Searched 2026-06-10 (web + DoC docs): no Chex/EWS data points found. UNKNOWN — never guess; verify with banker at opening.
Israel Discount Bank of New York (IDB),"Consumer: UNKNOWN — deposit agreement PDF exists (idbny.com, Reg CC update eff. 2025-07-01) but 403-blocked; no Chex/EWS indexed on domain; no DPs | BUSINESS: UNKNOWN — private/commercial bank, RM onboarding [2026-06-11 (searched, doc inaccessible)]",https://www.idbny.com/-/media/B5236C198BD545CA9B6A926A39CEC185.ashx (403),"Consumer: UNKNOWN | BUSINESS: UNKNOWN [2026-06-11 (searched, doc inaccessible)]",https://www.idbny.com/-/media/B5236C198BD545CA9B6A926A39CEC185.ashx (403),UNKNOWN,—,UNKNOWN,—,v7 chex_socal_banks (business angle). ❓ UNKNOWN — ask (lean: private-bank manual onboarding). v6 ews_chex_mapping. Not covered by DoC lists; not individually web-searched (low priority). UNKNOWN.
KeyBank,Yes — pulls (DoC 2025-08-07; Crediful 2025-10-22) [DOC-LIST + COMMUNITY-DP; 2021-05-26],https://www.doctorofcredit.com/banks-credit-unions-dodont-pull-chexsystems/,Yes — mixed 2-yes/1-no (DoC EWS list) [DOC-LIST + COMMUNITY-DP; 2021-05-26],https://www.doctorofcredit.com/banks-credit-unions-dodont-pull-early-warning-services/,UNKNOWN,—,UNKNOWN,—,v6 ews_chex_mapping. EWS: D3 list mixed (2 yes/1 no); Davis 2021-05-26 KeyBank pulled EWS (sav+chk). Sens page: sensitive to multiple applications. CONFIRMS existing cells.
Kinecta Federal Credit Union,Pull: Yes [VERIFIED (own doc) + COMMUNITY-DP; fetched 2026-06-10],https://www.kinecta.org/Kinecta/media/Kinecta/Forms/Fraud%20and%20Theft%20and%20Dispute%20Forms/consumer_credit_reporting_dispute.pdf,UNKNOWN,—,UNKNOWN,—,UNKNOWN,—,v6 ews_chex_mapping. NEW vs N/M: Kinecta's own dispute form covers member info 'reported to a Consumer Reporting Agency (ChexSystems)' = REPORTS (VERIFIED); myFICO thread lists Kinecta as pulling Chex for membership (COMMUNITY-DP). Note: absorbed Xceed Financial CU (Xceed: DoC does pull x1).
LBS Financial Credit Union,Pull: Yes [DOC-LIST + COMMUNITY-DP; 2021-05-26],https://www.doctorofcredit.com/banks-credit-unions-dodont-pull-chexsystems/,Pull: Yes [DOC-LIST + COMMUNITY-DP; 2021-05-26],https://www.doctorofcredit.com/banks-credit-unions-dodont-pull-early-warning-services/#comment-1196492,UNKNOWN,—,UNKNOWN,—,v6 ews_chex_mapping. NEW vs N/M: LBS Financial pulls Chex (1) AND pulled EWS (Davis 2021-05-26).
"Legacy Bank (Murrieta, CA)",UNKNOWN,—,UNKNOWN,—,UNKNOWN,—,UNKNOWN,—,v6 ews_chex_mapping. Not covered by DoC lists; not individually web-searched (low priority). UNKNOWN.
"Liberty Bank, N.A. (Irvine, CA)",UNKNOWN,—,UNKNOWN,—,UNKNOWN,—,UNKNOWN,—,v6 ews_chex_mapping. Not covered by DoC lists; not individually web-searched (low priority). UNKNOWN.
Lili (fintech),"Membership: No — 'no hidden fees, credit checks, or ChexSystems involved' (own/industry description) | BUSINESS: No — same identity-verification model [2026-06-11]",https://fitsmallbusiness.com/business-checking-account-online-no-chexsystems/,Membership: No (identity-only) | BUSINESS: No [2026-06-11],https://fitsmallbusiness.com/business-checking-account-online-no-chexsystems/,UNKNOWN,—,UNKNOWN,—,v7 chex_socal_cus. 🏆 GOLD (fintech no-Chex banking layer) — verified-no-Chex.
Logix Federal Credit Union,Membership: Yes — pulls Chex but LENIENT (second-chance reviews; may approve with single negative; secondary source undated) | BUSINESS: UNKNOWN — biz checking eligibility = location/industry gated; deposit-screen type not published [2026-06-10/11 (secondary undated)],https://www.logixbanking.com/business/accounts/eligibility,Membership: UNKNOWN | BUSINESS: UNKNOWN [2026-06-10/11 (secondary undated)],https://www.logixbanking.com/business/accounts/eligibility,UNKNOWN,—,UNKNOWN,—,"v7 chex_socal_cus. ⚠ PULLS-ONE (Chex, lenient) — biz unconfirmed. v6 ews_chex_mapping. NEW vs N/M: secondary sources state Logix reviews Chex but may approve with a single negative item (second-chance). Weak/undated — verify."
Los Angeles Federal Credit Union (LAFCU),"Yes — pulls + hard credit pull (own membership page verbatim, 2026-06-09); 2nd-chance if Chex balances paid [v6 existing cell]",—,UNKNOWN,—,UNKNOWN,—,UNKNOWN,—,v6 ews_chex_mapping. Existing VERIFIED cell (own membership page) stands.
Malaga Bank F.S.B.,UNKNOWN,—,UNKNOWN,—,UNKNOWN,—,UNKNOWN,—,v6 ews_chex_mapping. Not covered by DoC lists; not individually web-searched (low priority). UNKNOWN.
Mechanics Bank,Yes — VERIFIED own Personal Account Agreement (doc dated 2026-03-23): 'new accounts are subject to verification through ChexSystems (the Reporting Agency) and may be declined based in whole or in part on information obtained in a report' [VERIFIED (own doc); 2026-06-12],https://www.mechanicsbank.com/contentassets/9e0348bebd2b44b2a8fa059267bcab78/1200-personal-account-agreement-disclosure-mkt10000-v3-final-mkt-copy.pdf,Not named in own 20-pg Personal Account Agreement [VERIFIED-absence; 2026-06-12] — inquiry-side UNKNOWN,https://www.mechanicsbank.com/contentassets/9e0348bebd2b44b2a8fa059267bcab78/1200-personal-account-agreement-disclosure-mkt10000-v3-final-mkt-copy.pdf,Not named in own agreement [VERIFIED-absence; 2026-06-12],https://www.mechanicsbank.com/contentassets/9e0348bebd2b44b2a8fa059267bcab78/1200-personal-account-agreement-disclosure-mkt10000-v3-final-mkt-copy.pdf,UNKNOWN,—,"P2 UPGRADE vs UNKNOWN. Also reports to 'credit bureaus, including ChexSystems' on unpaid balances. v6 ews_chex_mapping. Not covered by DoC lists; not individually web-searched (low priority). UNKNOWN."
Mega Bank,UNKNOWN,—,UNKNOWN,—,UNKNOWN,—,UNKNOWN,—,v6 ews_chex_mapping. Searched 2026-06-10 (web + DoC docs): no Chex/EWS data points found. UNKNOWN — never guess; verify with banker at opening.
Mercury (fintech),Membership: No — does NOT use ChexSystems (own/industry confirmed; SSN used solely for identity verification) | BUSINESS: No — Chex not used for business accounts; identity + compliance + business-activity review only; EWS not indicated [2026-06-11],https://mercury.com/business-banking,Membership: No (identity-only) | BUSINESS: No [2026-06-11],https://mercury.com/business-banking,UNKNOWN,—,UNKNOWN,—,v7 chex_socal_cus. 🏆 GOLD (fintech no-Chex banking layer) — verified-no-Chex.
Metropolitan Bank (Oakland),UNKNOWN,—,UNKNOWN,—,UNKNOWN,—,UNKNOWN,—,v6 ews_chex_mapping. Not covered by DoC lists; not individually web-searched (low priority). UNKNOWN.
MidFirst Bank,"Yes — pulls, 4 DPs (DoC 2025-08-07) [DOC-LIST + COMMUNITY-DP; 2022-11-20]",https://www.doctorofcredit.com/banks-credit-unions-dodont-pull-chexsystems/,UNKNOWN,—,UNKNOWN,—,UNKNOWN,—,"v6 ews_chex_mapping. UPGRADE vs existing EWS=N/M: MidFirst on Gadget 2022-11-20 EWS-reporter list; D5 appendix (Monifi): EWS in addition to Chex. Sens page: declined 7/12, denied 12/6 = sensitive."
Mission Bank,UNKNOWN,—,UNKNOWN,—,UNKNOWN,—,UNKNOWN,—,v6 ews_chex_mapping. Not covered by DoC lists; not individually web-searched (low priority). UNKNOWN.
Mission Federal Credit Union (Mission Fed),Pull: Yes [DOC-LIST; 2025-08-07],https://www.doctorofcredit.com/banks-credit-unions-dodont-pull-chexsystems/,UNKNOWN,—,UNKNOWN,—,UNKNOWN,—,v6 ews_chex_mapping. DoC: Mission Federal CU does pull (1).
Mission National Bank,UNKNOWN,—,UNKNOWN,—,UNKNOWN,—,UNKNOWN,—,v6 ews_chex_mapping. Not covered by DoC lists; not individually web-searched (low priority). UNKNOWN.
Mission Valley Bank,UNKNOWN,—,UNKNOWN,—,UNKNOWN,—,UNKNOWN,—,v6 ews_chex_mapping. Searched 2026-06-10 (web + DoC docs): no Chex/EWS data points found. UNKNOWN — never guess; verify with banker at opening.
"Mizrahi Tefahot Bank, Ltd. (UMTB USA)",UNKNOWN,—,UNKNOWN,—,UNKNOWN,—,UNKNOWN,—,v6 ews_chex_mapping. Not covered by DoC lists; not individually web-searched (low priority). UNKNOWN.
Montecito Bank & Trust,UNKNOWN,—,UNKNOWN,—,UNKNOWN,—,UNKNOWN,—,v6 ews_chex_mapping. Searched 2026-06-10 (web + DoC docs): no Chex/EWS data points found. UNKNOWN — never guess; verify with banker at opening.
Monterey County Bank,UNKNOWN,—,UNKNOWN,—,UNKNOWN,—,UNKNOWN,—,v6 ews_chex_mapping. Not covered by DoC lists; not individually web-searched (low priority). UNKNOWN.
Murphy Bank,UNKNOWN,—,UNKNOWN,—,UNKNOWN,—,UNKNOWN,—,v6 ews_chex_mapping. Not covered by DoC lists; not individually web-searched (low priority). UNKNOWN.
Nano Banc,UNKNOWN,—,UNKNOWN,—,UNKNOWN,—,UNKNOWN,—,v6 ews_chex_mapping. Not covered by DoC lists; not individually web-searched (low priority). UNKNOWN.
Neighborhood National Bank,UNKNOWN,—,UNKNOWN,—,UNKNOWN,—,UNKNOWN,—,v6 ews_chex_mapping. Not covered by DoC lists; not individually web-searched (low priority). UNKNOWN.
"New OMNI Bank, N.A.",UNKNOWN,—,UNKNOWN,—,UNKNOWN,—,UNKNOWN,—,v6 ews_chex_mapping. Not covered by DoC lists; not individually web-searched (low priority). UNKNOWN.
Novo (fintech),Membership: No — Novo confirmed does NOT use ChexSystems for business accounts | BUSINESS: No — same; no ChexSystems for the business account [2026-06-11],https://novo.zendesk.com/hc/en-us/articles/4640977954964-What-is-Novo,Membership: No (identity-only) | BUSINESS: No [2026-06-11],https://novo.zendesk.com/hc/en-us/articles/4640977954964-What-is-Novo,UNKNOWN,—,UNKNOWN,—,v7 chex_socal_cus. 🏆 GOLD (fintech no-Chex banking layer) — verified-no-Chex.
Nuvision Credit Union,Yes — pulls (DoC list 2025-08-07; member 'unfroze Chex' DP 2025-10-16) [DOC-LIST; 2025-08-07],https://www.doctorofcredit.com/banks-credit-unions-dodont-pull-chexsystems/,UNKNOWN,—,UNKNOWN,—,UNKNOWN,—,v6 ews_chex_mapping. DoC Chex: NuVision FCU does pull (1). CONFIRMS existing cell.
Oak Valley Community Bank,UNKNOWN,—,UNKNOWN,—,UNKNOWN,—,UNKNOWN,—,v6 ews_chex_mapping. Not covered by DoC lists; not individually web-searched (low priority). UNKNOWN.
OneUnited Bank,Yes — own pages confirm; U2 second-chance available (2026-06-10) [v6 existing cell],—,UNKNOWN,—,UNKNOWN,—,UNKNOWN,—,v6 ews_chex_mapping. Existing VERIFIED cell stands.
Open Bank,UNKNOWN,—,UNKNOWN,—,UNKNOWN,—,UNKNOWN,—,v6 ews_chex_mapping. Not covered by DoC lists; not individually web-searched (low priority). UNKNOWN.
Orange County's Credit Union,Pull: Yes [DOC-LIST + COMMUNITY-DP; 2021-05-26],https://www.doctorofcredit.com/banks-credit-unions-dodont-pull-chexsystems/,Pull: Yes [DOC-LIST + COMMUNITY-DP; 2021-05-26],https://www.doctorofcredit.com/banks-credit-unions-dodont-pull-early-warning-services/#comment-1196492,UNKNOWN,—,UNKNOWN,—,v6 ews_chex_mapping. NEW vs N/M: Orange County CU on Davis 2021-05-26 list of banks that PULLED his EWS; DoC Chex: does pull (1).
PCB Bank,UNKNOWN,—,UNKNOWN,—,UNKNOWN,—,UNKNOWN,—,v6 ews_chex_mapping. Not covered by DoC lists; not individually web-searched (low priority). UNKNOWN.
PNC Bank,Yes — mixed DPs (DoC 2025-08-07; Crediful 2025-10-22) [DOC-LIST + COMMUNITY-DP; 2026-05-22],https://www.doctorofcredit.com/banks-credit-unions-dodont-pull-chexsystems/,Yes — pulls (EWS co-owner; DoC ×5 DPs) [DOC-LIST + COMMUNITY-DP; 2026-05-22],https://www.doctorofcredit.com/banks-credit-unions-dodont-pull-early-warning-services/#comment-2326911,UNKNOWN,—,UNKNOWN,—,"v6 ews_chex_mapping. EWS-SENSITIVE: in-branch denial letter citing EWS (Jay 2018-08-10 #628472); Gadget 2022-12-26: 'other than PNC, not many EWS-sensitive banks'. EWS inquiry + reports ACH incl. balance (2026-05-22). Chex sens page: denied 30+/3yr. CONFIRMS project-log 'PNC = EWS-not-Chex' for practical purposes; EWS is the binding constraint."
Pacific Alliance Bank,UNKNOWN,—,UNKNOWN,—,UNKNOWN,—,UNKNOWN,—,v6 ews_chex_mapping. Not covered by DoC lists; not individually web-searched (low priority). UNKNOWN.
Pacific Coast Bankers' Bank (PCBB),UNKNOWN,—,UNKNOWN,—,UNKNOWN,—,UNKNOWN,—,v6 ews_chex_mapping. Not covered by DoC lists; not individually web-searched (low priority). UNKNOWN.
Pacific Enterprise Bank,UNKNOWN,—,UNKNOWN,—,UNKNOWN,—,UNKNOWN,—,v6 ews_chex_mapping. Not covered by DoC lists; not individually web-searched (low priority). UNKNOWN.
Pacific Premier Bank,UNKNOWN,—,UNKNOWN,—,UNKNOWN,—,UNKNOWN,—,P2: web-searched 2026-06-12 — no public deposit agreement naming a vendor and no DoC/forum DPs found; all four columns remain UNKNOWN (never guess). v6 ews_chex_mapping. Not covered by DoC lists; not individually web-searched (low priority). UNKNOWN.
Pacific Valley Bank,UNKNOWN,—,UNKNOWN,—,UNKNOWN,—,UNKNOWN,—,v6 ews_chex_mapping. Not covered by DoC lists; not individually web-searched (low priority). UNKNOWN.
Partners Bank of California,UNKNOWN,—,UNKNOWN,—,UNKNOWN,—,UNKNOWN,—,v6 ews_chex_mapping. Not covered by DoC lists; not individually web-searched (low priority). UNKNOWN.
Patelco Credit Union,Pull: Yes — SENSITIVE [VERIFIED (vendor adoption) + DOC-LIST; 2004 (adoption); sens DPs later],https://www.americanbanker.com/news/authentication-patelco-chooses-chexsystems-to-combat-id-fraud,UNKNOWN,—,UNKNOWN,—,UNKNOWN,—,"v6 ews_chex_mapping. NEW vs N/M: American Banker (2004): Patelco uses ChexSystems ID screening for ALL new accounts (branch + online). Sens page: denied 9/6, 26/6, 29/12 = sensitive."
"Pinnacle Bank (Gilroy, CA)",Pull: UNKNOWN (DoC 'Pinnacle Bank' DPs likely Pinnacle Financial Partners TN) [v6 existing cell],—,UNKNOWN,—,UNKNOWN,—,UNKNOWN,—,v6 ews_chex_mapping. DoC Pinnacle entries ambiguous vs Pinnacle Bank (Gilroy CA) — do not apply.
Plumas Bank,UNKNOWN,—,UNKNOWN,—,UNKNOWN,—,UNKNOWN,—,v6 ews_chex_mapping. Not covered by DoC lists; not individually web-searched (low priority). UNKNOWN.
Poppy Bank,UNKNOWN,—,UNKNOWN,—,UNKNOWN,—,UNKNOWN,—,v6 ews_chex_mapping. Not covered by DoC lists; not individually web-searched (low priority). UNKNOWN.
Preferred Bank,UNKNOWN,—,UNKNOWN,—,UNKNOWN,—,UNKNOWN,—,v6 ews_chex_mapping. Searched 2026-06-10 (web + DoC docs): no Chex/EWS data points found. UNKNOWN — never guess; verify with banker at opening.
Premier America Credit Union,"Yes — pulls + INQUIRY-SENSITIVE: 3 Chex inquiries/90 days = auto-deny (DoC DPs 2025-12-30, 2024-10-05) [DOC-LIST; 2025-12-30 (existing cell DP)]",https://www.doctorofcredit.com/banks-credit-unions-chexsystems-inquiry-sensitive/,UNKNOWN,—,UNKNOWN,—,UNKNOWN,—,v6 ews_chex_mapping. Sens page: Premier America 'denied at escalating thresholds'. CONFIRMS existing 3-inquiries/90-days auto-deny.
Provident Credit Union,Pull: Yes — VERY SENSITIVE [DOC-LIST; fetched 2026-06-10],https://www.doctorofcredit.com/banks-credit-unions-dodont-pull-chexsystems/,UNKNOWN,—,UNKNOWN,—,UNKNOWN,—,"v6 ews_chex_mapping. NEW vs N/M: DoC Chex: Provident CU does pull (3). Sens page: 'denied at various thresholds; very sensitive'. (Provident CU, Redwood City CA.)"
"Provident Savings Bank, F.S.B.",UNKNOWN,—,UNKNOWN,—,UNKNOWN,—,UNKNOWN,—,v6 ews_chex_mapping. Not covered by DoC lists; not individually web-searched (low priority). UNKNOWN.
Redwood Capital Bank,UNKNOWN,—,UNKNOWN,—,UNKNOWN,—,UNKNOWN,—,v6 ews_chex_mapping. Not covered by DoC lists; not individually web-searched (low priority). UNKNOWN.
Redwood Credit Union,UNKNOWN,—,UNKNOWN,—,UNKNOWN,—,UNKNOWN,—,v6 ews_chex_mapping. Searched 2026-06-10 (web + DoC docs): no Chex/EWS data points found. UNKNOWN — never guess; verify with banker at opening.
Regions Bank,UNKNOWN,—,UNKNOWN,—,"Yes — ONLINE applications pull LexisNexis (frozen LN file => denial, DP 2022-02-27); in-BRANCH opening did NOT pull [COMMUNITY-DP; 2022-02-27]",https://www.doctorofcredit.com/banks-credit-unions-dodont-pull-early-warning-services/#comment-1339779,UNKNOWN,—,"No CA retail footprint; row included for LexisNexis evidence. DoC commenter Gadget: 'a lot of banks pull LexisNexis, at least with online opening.'"
Relay (fintech),Membership: LIKELY-NO — industry lists Relay among no-ChexSystems fintechs; identity-verification + compliance model; own docs don't cite ChexSystems (not explicitly own-doc confirmed) | BUSINESS: LIKELY-NO — same identity/compliance model for the business account [2026-06-11],https://support.relayfi.com/hc/en-us/articles/14459309934868-Thread-Bank,Membership: Likely-no (identity-only) | BUSINESS: Likely-no [2026-06-11],https://support.relayfi.com/hc/en-us/articles/14459309934868-Thread-Bank,UNKNOWN,—,UNKNOWN,—,v7 chex_socal_cus. 🥈 LIKELY-NO (fintech) — strong industry consensus; own-doc Chex language not located.
River City Bank,UNKNOWN,—,UNKNOWN,—,UNKNOWN,—,UNKNOWN,—,v6 ews_chex_mapping. Not covered by DoC lists; not individually web-searched (low priority). UNKNOWN.
River Valley Community Bank,UNKNOWN,—,UNKNOWN,—,UNKNOWN,—,UNKNOWN,—,v6 ews_chex_mapping. Not covered by DoC lists; not individually web-searched (low priority). UNKNOWN.
Rize Credit Union,Membership: LIKELY-NO — own open-account page lists ONLY ID+SSN+$5+address (no ChexSystems/QualiFile language); CU offers 'New Beginnings'/Fresh Start second-chance + ChexSystems-rebuild products = forgiving posture | BUSINESS: UNKNOWN — Business Visa Platinum self-issued $5K-$50K variable limit; apply via 'Contact business banking team'; no Chex language on biz page; deposit-screen unconfirmed [2026-06-11 (own pages)],https://rizecu.com/open-an-account/,Membership: UNKNOWN | BUSINESS: UNKNOWN [2026-06-11 (own pages)],https://rizecu.com/open-an-account/,UNKNOWN,—,UNKNOWN,—,"v7 chex_socal_cus. 🥈 LIKELY-NO — second-chance CU, no Chex language on own pages; NEW TARGET worth a call."
Royal Business Bank,UNKNOWN,—,UNKNOWN,—,UNKNOWN,—,UNKNOWN,—,v6 ews_chex_mapping. Not covered by DoC lists; not individually web-searched (low priority). UNKNOWN.
SAFE Credit Union,Pull: Yes — SENSITIVE [DOC-LIST; fetched 2026-06-10],https://www.doctorofcredit.com/banks-credit-unions-chexsystems-inquiry-sensitive/,UNKNOWN,—,UNKNOWN,—,UNKNOWN,—,v6 ews_chex_mapping. NEW vs N/M: sens page: SAFE CU 'denied with 25 in the past 24 months'.
SMBC MANUBANK,UNKNOWN,—,UNKNOWN,—,UNKNOWN,—,UNKNOWN,—,v6 ews_chex_mapping. Not covered by DoC lists; not individually web-searched (low priority). UNKNOWN.
San Diego County Credit Union (SDCCU),"Yes — uses/furnishes (own FAQ 'bad credit or ChexSystems list... visit a branch' + hosts Chex dispute form, 2026-06-09) [v6 existing cell]",—,UNKNOWN,—,UNKNOWN,—,UNKNOWN,—,v6 ews_chex_mapping. Existing cell stands; EWS searched 2026-06-10 — no data.
Savings Bank of Mendocino County,UNKNOWN,—,UNKNOWN,—,UNKNOWN,—,UNKNOWN,—,v6 ews_chex_mapping. Not covered by DoC lists; not individually web-searched (low priority). UNKNOWN.
SchoolsFirst Federal Credit Union,"Yes — VERIFIED own product pages: 'ChexSystems verification and $25 minimum opening deposit required' (Free Checking, Investment Checking; Liquid Advantage MM = Chex + $2,000) [VERIFIED (own site); 2026-06-12]",https://www.schoolsfirstfcu.org/products/checking-savings/checking/free-checking/,No screening evidence — only Zelle (EWS-owned product) infrastructure on site [searched 2026-06-12; UNKNOWN],—,UNKNOWN,—,UNKNOWN,—,P2 UPGRADE vs UNKNOWN — own-site VERIFIED Chex. Education FOM gate still applies. v7 chex_socal_cus. ❓ UNKNOWN — no biz card; note only. v6 ews_chex_mapping. Not covered by DoC lists; not individually web-searched (low priority). UNKNOWN.
Self-Help Federal Credit Union,UNKNOWN,—,UNKNOWN,—,UNKNOWN,—,UNKNOWN,—,v6 ews_chex_mapping. Not covered by DoC lists; not individually web-searched (low priority). UNKNOWN.
Shinhan Bank America,UNKNOWN,—,UNKNOWN,—,UNKNOWN,—,UNKNOWN,—,v6 ews_chex_mapping. Not covered by DoC lists; not individually web-searched (low priority). UNKNOWN.
Skyla Credit Union,Membership: YES — pulls ChexSystems (CONFIRMED: own learning-guidance page + FAQ: 'a hard inquiry is conducted... ChexSystems is used as a credit check for account applications'); document-heavy UW; 2025 BBB complaints re hard pulls | BUSINESS: UNKNOWN — all apps are hard pulls; biz deposit-screen presumably same Chex [2026-05-22 (EWS-clean); 2026-06-11 (Chex confirmed own docs)],https://www.skylacu.com/learning-guidance/understanding-checking-accounts,Membership: No — EWS-CLEAN (Dealgamer 2026-05-22 'doesn't report and no inquiry') | BUSINESS: UNKNOWN [2026-05-22 (EWS-clean); 2026-06-11 (Chex confirmed own docs)],https://www.doctorofcredit.com/banks-credit-unions-dodont-pull-early-warning-services/#comment-2326911,UNKNOWN,—,UNKNOWN,—,v7 chex_socal_cus. ⚠ PULLS-ONE (Chex CONFIRMED) / EWS-clean — Chex question now CLOSED. v6 ews_chex_mapping. NEW vs N/M: Skyla on Dealgamer 2026-05-22 'doesn't report and no inquiry' EWS list = EWS-CLEAN. Chex unknown — GOLD-TIER CANDIDATE pending Chex verification.
"SoFi Bank, N.A.",UNKNOWN,—,Yes — does an inquiry (Dealgamer 2026-05-22 list; 'SOFI LENDING CORP via GIACT SERVICES' DPs) [COMMUNITY-DP; 2026-05-22],https://www.doctorofcredit.com/banks-credit-unions-dodont-pull-early-warning-services/#comment-2326911,UNKNOWN,—,GIACT Services (linking/verification rail) [COMMUNITY-DP],https://www.doctorofcredit.com/banks-credit-unions-dodont-pull-early-warning-services/,SF-HQ national bank. EWS inquiries on open + GIACT on linking.
Southland CU,Membership: YES — pulls ChexSystems (own site: 'All new accounts are verified through ChexSystems') | BUSINESS: YES — same ChexSystems language explicitly covers business accounts ('All new accounts...both personal and business'); business account application screened [2026-06-11 (own site)],https://www.southlandcu.org/join/open-new-account/,Membership: UNKNOWN | BUSINESS: UNKNOWN [2026-06-11 (own site)],https://www.southlandcu.org/join/open-new-account/,UNKNOWN,—,UNKNOWN,—,v7 chex_socal_cus. ❌ BOTH-PULL (Chex confirmed personal+business); no two-step bypass.
Southwestern National Bank,UNKNOWN,—,UNKNOWN,—,UNKNOWN,—,UNKNOWN,—,v6 ews_chex_mapping. Not covered by DoC lists; not individually web-searched (low priority). UNKNOWN.
Stanford FCU,Membership: UNKNOWN — membership = hard EXPERIAN pull (consumer-proxy DPs myFICO 6726623/6723581/6036159); Chex-specific use unconfirmed; DoC checking-bonus DPs hint screening but type unconfirmed | BUSINESS: UNKNOWN — biz Visa is self-issued (own disclosure); biz card app = Business Loan Application + PFS (hard pull); Chex on biz checking unconfirmed [2026-06-11 (product VERIFIED LIVE); EX-pull DPs 2024-era],https://www.sfcu.org/business/business-credit-card,Membership: UNKNOWN | BUSINESS: UNKNOWN [2026-06-11 (product VERIFIED LIVE); EX-pull DPs 2024-era],https://www.sfcu.org/business/business-credit-card,UNKNOWN,—,UNKNOWN,—,v7 chex_socal_cus. ❓ UNKNOWN — self-UW biz Visa $50K confirmed; deposit-screen type open.
Star One Credit Union,Pull: Yes [DOC-LIST; 2025-08-07],https://www.doctorofcredit.com/banks-credit-unions-dodont-pull-chexsystems/,UNKNOWN,—,UNKNOWN,—,UNKNOWN,—,v6 ews_chex_mapping. DoC: Star One does pull (3).
State Bank of India (California),Pull: Yes (NOT sensitive) [DOC-LIST; 2025-08-07],https://www.doctorofcredit.com/banks-credit-unions-dodont-pull-chexsystems/,UNKNOWN,—,UNKNOWN,—,UNKNOWN,—,v6 ews_chex_mapping. DoC: State Bank of India does pull (1); sens page: approved with high counts. DoC entry may be SBI NY — apply with caution to SBI California.
Summit Bank (Oakland),UNKNOWN,—,UNKNOWN,—,UNKNOWN,—,UNKNOWN,—,v6 ews_chex_mapping. Not covered by DoC lists; not individually web-searched (low priority). UNKNOWN.
Summit State Bank,UNKNOWN,—,UNKNOWN,—,UNKNOWN,—,UNKNOWN,—,v6 ews_chex_mapping. Not covered by DoC lists; not individually web-searched (low priority). UNKNOWN.
"Sunflower Bank, N.A.",Pull: Yes [DOC-LIST; 2025-08-07],https://www.doctorofcredit.com/banks-credit-unions-dodont-pull-chexsystems/,UNKNOWN,—,UNKNOWN,—,UNKNOWN,—,v6 ews_chex_mapping. DoC: Sunflower Bank does pull (4).
Sunwest Bank,"Consumer: UNKNOWN — no DPs; site 'early warning' text = fraud-alert copy, NOT EWS agency (v6 verified) | BUSINESS: UNKNOWN — online biz opener exists (EIN + docs) but screening vendor undisclosed; site 403-blocks robots [2026-06-11 (searched, no data)]",https://www.sunwestbank.com/banking/business/business-checking/ (403),"Consumer: UNKNOWN | BUSINESS: UNKNOWN [2026-06-11 (searched, no data)]",https://www.sunwestbank.com/banking/business/business-checking/ (403),UNKNOWN,—,UNKNOWN,—,v7 chex_socal_banks (business angle). ❓ UNKNOWN — ask. v6 ews_chex_mapping. Searched 2026-06-10 (web + DoC docs): no Chex/EWS data points found. UNKNOWN — never guess; verify with banker at opening.
"TIB, N.A. (The Independent BankersBank)",UNKNOWN,—,UNKNOWN,—,UNKNOWN,—,UNKNOWN,—,v6 ews_chex_mapping. Not covered by DoC lists; not individually web-searched (low priority). UNKNOWN.
Technology Credit Union (Tech CU),Pull: Yes (4 DPs; NOT sensitive — 25+/12 OK) [DOC-LIST + COMMUNITY-DP; 2016-10-21],https://www.doctorofcredit.com/banks-credit-unions-dodont-pull-chexsystems/,Pull: No (2016 DP) [DOC-LIST + COMMUNITY-DP; 2016-10-21],https://www.doctorofcredit.com/banks-credit-unions-dodont-pull-early-warning-services/#comment-308348,UNKNOWN,—,UNKNOWN,—,"v6 ews_chex_mapping. NEW vs N/M: Tech CU pulls ONLY Chex, not EWS (CGID 2016-10-21). Old DP — re-verify EWS."
"The Bank of New York Mellon Trust Company, N.A.",UNKNOWN,—,UNKNOWN,—,UNKNOWN,—,UNKNOWN,—,v6 ews_chex_mapping. Not covered by DoC lists; not individually web-searched (low priority). UNKNOWN.
The Northern Trust Company,UNKNOWN,—,UNKNOWN,—,UNKNOWN,—,UNKNOWN,—,v6 ews_chex_mapping. Not covered by DoC lists; not individually web-searched (low priority). UNKNOWN.
Together Credit Union,UNKNOWN,—,UNKNOWN,—,UNKNOWN,—,UNKNOWN,—,v6 ews_chex_mapping. Not covered by DoC lists; not individually web-searched (low priority). UNKNOWN.
Travis Credit Union,Pull: Yes [DOC-LIST; 2025-08-07],https://www.doctorofcredit.com/banks-credit-unions-dodont-pull-chexsystems/,UNKNOWN,—,UNKNOWN,—,UNKNOWN,—,v6 ews_chex_mapping. DoC Chex: Travis CU does pull (1).
Tri Counties Bank,"Consumer: Yes-SOFT — VERIFIED own online-account FAQ: 'We perform a soft inquiry through ChexSystems, which does not impact your credit score' | BUSINESS: UNKNOWN — business checking is BRANCH-ONLY (no online biz opener); soft-Chex FAQ statement covers online PERSONAL accounts only; no biz DP [2026-06-11 (FAQ verified v6 2026-06-10)]",https://www.tcbk.com/personal/online-accounts-personal,Consumer: UNKNOWN — no mention/DPs (lean-no) | BUSINESS: UNKNOWN [2026-06-11 (FAQ verified v6 2026-06-10)],https://www.tcbk.com/personal/online-accounts-personal,UNKNOWN,—,UNKNOWN,—,"v7 chex_socal_banks (business angle). ⚠ pulls one (Chex consumer SOFT; biz screening unconfirmed). v6 ews_chex_mapping. NEW vs N/M: Tri Counties Bank online-account FAQ: 'We perform a soft inquiry through ChexSystems, which does not impact your credit score.'"
Truist,Yes — personal (DoC 2025-08-07; ~2026-03 DP); one DP: business in-branch SKIPPED Chex (2025-10-17) [DOC-LIST + COMMUNITY-DP; 2026-05-22],https://www.doctorofcredit.com/banks-credit-unions-dodont-pull-chexsystems/,Yes — pulls (EWS co-owner; predecessor biz DP 2019-01-12; DP 2026-05-22) [DOC-LIST + COMMUNITY-DP; 2026-05-22],https://www.doctorofcredit.com/banks-credit-unions-dodont-pull-early-warning-services/#comment-2326911,UNKNOWN,—,UNKNOWN,—,v6 ews_chex_mapping. EWS: inquiry + reports ACH incl. balance (2026-05-22); CB 2024-03-27: Truist/BB&T hit EWS TWICE for one app. CONFIRMS existing cells.
Tustin Community Bank,UNKNOWN,—,UNKNOWN,—,UNKNOWN,—,UNKNOWN,—,v6 ews_chex_mapping. Not covered by DoC lists; not individually web-searched (low priority). UNKNOWN.
U.S. Bank (direct),"Yes — pulls, incl. business (Chex-report DP 2025-05/2026-05-08; biz DP 2025-10-17, not sensitive) [DOC-LIST + COMMUNITY-DP; 2026-05-22]",https://www.doctorofcredit.com/banks-credit-unions-dodont-pull-chexsystems/,Yes — pulls (EWS co-owner; 'US Bank & Elan' inquiries DP 2026-05-22) [DOC-LIST + COMMUNITY-DP; 2026-05-22],https://www.doctorofcredit.com/banks-credit-unions-dodont-pull-early-warning-services/#comment-2326911,Yes — soft-pulls SageStream (now LexisNexis Risk Solutions); can DENY on it; freeze before applying [COMMUNITY-DP/project-fact; 2026-06],https://ficoforums.myfico.com/t5/Business-Credit/ (Triple Cash DPs; v7 funding table row 'U.S. Bank'),"ARS (Advanced Resolution Services, CBC/Innovis affiliate) — soft-pulled alongside SageStream; can deny [COMMUNITY-DP/project-fact; 2026-06]",/home/user/awake/research/v7/deliverables/ca_business_credit_funding_v7_funding_table.csv,"P2: DoC article 'Two Credit Bureaus You Should Freeze Before You Apply For A U.S Bank Credit Card' (2015-05-26, since updated): SageStream (ex-IDA, now LexisNexis Risk Solutions) + ARS (Advanced Resolution Services, 5005 Rockside Rd, Independence OH); US Bank still approves when reports frozen/unavailable. Grade upgraded to DOC-LIST. https://www.doctorofcredit.com/two-credit-bureaus-you-should-freeze-before-you-apply-for-a-u-s-bank-credit-card/ PROJECT FACT: freeze SageStream+ARS before US Bank apps (soft-pulled, can deny). v6 ews_chex_mapping. EWS: 'US Bank & Elan' inquiry + reports ACH (2026-05-22). NOT Chex-inquiry-sensitive (DoC sens list). CONFIRMS existing cell."
"UMB Bank, N.A.",Consumer: Yes — DOC-LIST: DoC UMB $400 bonus page states 'ChexSystems: Yes' + 'Hard/soft pull: Soft pull' (consumer) | BUSINESS: UNKNOWN — bonus page personal-only; no biz DP found; commercial checking is RM/treasury channel [2026-06-11 (DoC page fetched)],https://www.doctorofcredit.com/az-co-il-mo-ne-ok-ks-tx-umb-bank-400-checking-bonus/,"Consumer: No mention on DoC page; not on DoC EWS list (lean-no, weak) | BUSINESS: UNKNOWN [2026-06-11 (DoC page fetched)]",https://www.doctorofcredit.com/az-co-il-mo-ne-ok-ks-tx-umb-bank-400-checking-bonus/,UNKNOWN,—,UNKNOWN,—,"v7 chex_socal_banks (business angle). ⚠ pulls one (Chex consumer, soft; biz unverified)."
US Metro Bank,UNKNOWN,—,UNKNOWN,—,UNKNOWN,—,UNKNOWN,—,v6 ews_chex_mapping. Not covered by DoC lists; not individually web-searched (low priority). UNKNOWN.
Umpqua Bank (Columbia),UNKNOWN,—,UNKNOWN,—,UNKNOWN,—,UNKNOWN,—,P2: web-searched 2026-06-12 — no public deposit agreement naming a vendor and no DoC/forum DPs found; all four columns remain UNKNOWN (never guess). v6 ews_chex_mapping. Not covered by DoC lists; not individually web-searched (low priority). UNKNOWN.
United Business Bank,UNKNOWN,—,UNKNOWN,—,UNKNOWN,—,UNKNOWN,—,v6 ews_chex_mapping. Not covered by DoC lists; not individually web-searched (low priority). UNKNOWN.
United Pacific Bank,UNKNOWN,—,UNKNOWN,—,UNKNOWN,—,UNKNOWN,—,v6 ews_chex_mapping. Not covered by DoC lists; not individually web-searched (low priority). UNKNOWN.
Universal Bank,UNKNOWN,—,UNKNOWN,—,UNKNOWN,—,UNKNOWN,—,v6 ews_chex_mapping. Not covered by DoC lists; not individually web-searched (low priority). UNKNOWN.
University Credit Union (LA),UNKNOWN,—,UNKNOWN,—,UNKNOWN,—,UNKNOWN,—,v6 ews_chex_mapping. Not covered by DoC lists; not individually web-searched (low priority). UNKNOWN.
Valley National Bank,"Yes — pulls (Crediful 2025-10-07); 2016 DoC DP: online sensitive, in-branch lenient [DOC-LIST + secondary; 2025-10-07]",https://www.doctorofcredit.com/banks-credit-unions-chexsystems-inquiry-sensitive/,UNKNOWN,—,UNKNOWN,—,UNKNOWN,—,v6 ews_chex_mapping. Sens page: online denials at 3-27/12mo; in-branch more flexible. CONFIRMS existing cell. Open IN BRANCH.
Valley Strong CU,"Membership: SOFT pull at membership/checking (DoC checking-bonus page, CA select counties) | BUSINESS: UNKNOWN — biz cards self-issued (CFPB agreement DB lists Valley Strong as own issuer); biz Share Savings $5 open; deposit-screen type unconfirmed (site 403s) [2026-06-10 (soft-pull DoC); 2026-06-11]",https://www.doctorofcredit.com/?s=valley+strong,Membership: UNKNOWN | BUSINESS: UNKNOWN [2026-06-10 (soft-pull DoC); 2026-06-11],https://www.doctorofcredit.com/?s=valley+strong,UNKNOWN,—,UNKNOWN,—,v7 chex_socal_cus. 🥈 LIKELY-NO (membership) / ❓ biz-acct unknown.
"Varo Bank, N.A.",UNKNOWN,—,No — on Dealgamer 'doesn't report and no inquiry' list; older DPs show 'VARO MONEY via GIACT SYSTEMS' linking inquiries only [COMMUNITY-DP; 2026-05-22],https://www.doctorofcredit.com/banks-credit-unions-dodont-pull-early-warning-services/#comment-2326911,UNKNOWN,—,GIACT Systems (linking verification) [COMMUNITY-DP],https://www.doctorofcredit.com/banks-credit-unions-dodont-pull-early-warning-services/,SF-HQ national bank charter fintech.
WaFd Bank,"Yes — pulls (own Fresh Start page: 2nd-chance for paid-off non-fraud Chex records, 2026-06-09) [v6 existing cell]",—,UNKNOWN,—,UNKNOWN,—,UNKNOWN,—,v6 ews_chex_mapping. Existing VERIFIED cell (own Fresh Start page) stands.
Wallis Bank,UNKNOWN,—,UNKNOWN,—,UNKNOWN,—,UNKNOWN,—,v6 ews_chex_mapping. Not covered by DoC lists; not individually web-searched (low priority). UNKNOWN.
Water and Power Community Credit Union,Reports overdrawn accts to Chex (own FAQ 2026-06-10); screening N/M [v6 existing cell],—,UNKNOWN,—,UNKNOWN,—,UNKNOWN,—,v6 ews_chex_mapping. Existing cell (own FAQ: reports overdrawn accounts to Chex) stands; screening still unknown.
Wells Fargo,"No — mostly (DoC 'mixed' 34-no vs 1-yes, 2025-08-07; DP 2026-04-14) [DOC-LIST + COMMUNITY-DP; 2026-05-22]",https://www.doctorofcredit.com/banks-credit-unions-dodont-pull-chexsystems/,"Yes — pulls (EWS co-owner; BIZ app hits owner's EWS, DP 2019-01-12) [DOC-LIST + COMMUNITY-DP; 2026-05-22]",https://www.doctorofcredit.com/banks-credit-unions-dodont-pull-early-warning-services/#comment-2326911,UNKNOWN,—,UNKNOWN,—,v6 ews_chex_mapping. DoC Chex mixed 34-no/1-yes. EWS: inquiry + reports ACH incl. balance (2026-05-22); biz app hits owner EWS (2019 DP). CONFIRMS existing cell.
Wescom Credit Union,Membership: Yes — SENSITIVE (denied 11-19/12mo) | BUSINESS: N/A — NO BUSINESS CARD product exists (consumer lineup only); business question moot [2021-05-26 (EWS DP)],https://www.doctorofcredit.com/banks-credit-unions-chexsystems-inquiry-sensitive/,Membership: Yes (pulled EWS: sav+chk Davis 2021-05-26) | BUSINESS: N/A [2021-05-26 (EWS DP)],https://www.doctorofcredit.com/banks-credit-unions-dodont-pull-early-warning-services/#comment-1196492,UNKNOWN,—,UNKNOWN,—,"v7 chex_socal_cus. ⚠ PULLS-BOTH (consumer) — no biz product (note only). v6 ews_chex_mapping. NEW vs N/M: Wescom pulls Chex (3) and is sensitive; ALSO pulled EWS (Davis 2021-05-26, sav+chk)."
West Coast Community Bank,UNKNOWN,—,UNKNOWN,—,UNKNOWN,—,UNKNOWN,—,v6 ews_chex_mapping. Not covered by DoC lists; not individually web-searched (low priority). UNKNOWN.
Westamerica Bank,UNKNOWN,—,UNKNOWN,—,UNKNOWN,—,UNKNOWN,—,P2: web-searched 2026-06-12 — no public deposit agreement naming a vendor and no DoC/forum DPs found; all four columns remain UNKNOWN (never guess). v6 ews_chex_mapping. Not covered by DoC lists; not individually web-searched (low priority). UNKNOWN.
Western Alliance Bank,"Consumer: Yes — Crediful (2025-10-24): 'uses ChexSystems when reviewing new account applications'; no second-chance product | BUSINESS: Signer-auth — VERIFIED own DAA (eff. 2023-10, covers Business Account type): 'obtain... consumer and/or credit reports about any Account owner or authorized signer... considering your application'; vendor NOT named in doc [2026-06-11 (doc fetched; Crediful 2025-10-24)]",https://www.westernalliancebancorporation.com/sites/default/files/2024-01/wab-deposit-account-agreement-and-disclosure.pdf,Consumer: No mention in 50-pg DAA; not on DoC EWS list (lean-no) | BUSINESS: No mention (lean-no) [2026-06-11 (doc fetched; Crediful 2025-10-24)],https://www.westernalliancebancorporation.com/sites/default/files/2024-01/wab-deposit-account-agreement-and-disclosure.pdf,UNKNOWN,—,UNKNOWN,—,v7 chex_socal_banks (business angle). ⚠ pulls one (Chex consumer per Crediful; biz signers authorize consumer reports). v6 ews_chex_mapping. Existing Crediful-sourced cell stands.
"Wilmington Trust, N.A.",UNKNOWN,—,UNKNOWN,—,UNKNOWN,—,UNKNOWN,—,v6 ews_chex_mapping. Not covered by DoC lists; not individually web-searched (low priority). UNKNOWN.
Woori America Bank,UNKNOWN,—,UNKNOWN,—,UNKNOWN,—,UNKNOWN,—,v6 ews_chex_mapping. Not covered by DoC lists; not individually web-searched (low priority). UNKNOWN.
