Name,Type,CERT_Charter,Cities
Fremont Bank,Bank,19222,Castro Valley; Dublin; Fremont; Hayward;
BMO Bank National Association,Bank,16571,Berkeley; Castro Valley; Dublin; Emeryvi
Beneficial State Bank,Bank,58490,Oakland
Mechanics Bank,Bank,1768,Albany; Berkeley; Oakland
Heritage Bank of Commerce,Bank,33905,Fremont; Livermore; Oakland; Pleasanton
Bank of Marin,Bank,32779,Alameda; Oakland
"Zions Bancorporation, N.A.",Bank,2270,Albany; Fremont; Oakland
City National Bank,Bank,17281,Oakland; Pleasanton
Summit Bank,Bank,23864,Emeryville; Oakland
"Industrial and Commercial Bank of China USA, National Association",Bank,24387,Oakland
Farmers & Merchants Bank of Central California,Bank,1331,Oakland
First Foundation Bank,Bank,58647,Oakland
PATELCO,CU,68579,Berkeley; Castro Valley; Dublin; Fremont
NUVISION,CU,566,Berkeley; Hayward; Pleasanton
SELF-HELP,CU,24802,Oakland
BLUPEAK,CU,60801,Berkeley
SEA WEST COAST GUARD,CU,12814,Alameda; Oakland
UTILITY DISTRICT,CU,61085,OAKLAND; Oakland
