Name,Type,Issuer_rail,Bureau_hard_inquiry,Hard_or_soft,Evidence_grade,DP_date,Source_link,Notes
Fremont Bank,Bank,SELF (CorServ/Apex),UNKNOWN,HARD (presumed),UNKNOWN,n/a,https://www.fremontbank.com/business/credit/platinum-rewards-credit-card | https://www.corservsolutions.com/fremont-bank-partners-with-corserv-to-offer-consumer-and-business-credit-cards-with-personalized-service/,"CARRIED FORWARD (rerun_2). Fremont CA. Card platform = CorServ/Apex (myapexcard.com, 403); Fremont is issuer of record. No bureau named in public terms; CorServ programs let the bank pick bureau. No forum DPs. Existing-customer relationship program."
BMO Bank National Association,Bank,SELF,TU,HARD,COMMUNITY-DP,2023-2025,https://fairfigure.com/blog/business-credit-cards-that-pull-transunion | https://ficoforums.myfico.com/t5/Business-Credit/BMO-Business-Line-of-Credit-Approval/td-p/6728350 | https://www.businesscreditworkshop.me/articles/bmo-business-credit-card/,"CARRIED FORWARD (deep_2). FairFigure: 'BMO Business Platinum pulls TransUnion only'; consumer BMO Harris approvals also TU-dominant. BLOC = 30-60 day full-doc underwrite (personal+business financials). Strong TU signal; CA state-variation not isolated."
Beneficial State Bank,Bank,SELF (issuer/rail undisclosed),UNKNOWN,HARD (assumed),UNKNOWN,n/a,https://wallethub.com/credit-cards/beneficial-state-bank-13004997i | https://www.supermoney.com/reviews/business-credit-cards/beneficial-state-bank-business-credit-card,"CARRIED FORWARD (rerun_4). Oakland CA CDFI; distinct from defunct 'Beneficial' (HSBC). Two business cards exist (per WalletHub/SuperMoney) but no public terms; directed to relationship officer (no online app). No issuer/rail/bureau identified."
Mechanics Bank,Bank,Elan,follows-rail (TU-usual; EX/EQ possible),HARD,RAIL-INFERENCE,2022-2025,https://ficoforums.myfico.com/t5/Business-Credit/Elan-Business-Cards-Credit-Bureau-Pull/td-p/6666184 | https://ficoforums.myfico.com/t5/Business-Credit/Elan-Financial-Credit-Pulls/td-p/6244031 | https://wallethub.com/answers/cc/what-credit-bureau-does-elan-financial-services-use-1000625-2140724796/,"CARRIED FORWARD (deep_2). Elan storefront (Cash Preferred/Smart Business/Real Rewards). Inquiry shows as Elan Financial Services. TU most-cited for Elan biz; EX/EQ rotate by partner/geo. No Mechanics-specific DP. Albany/Berkeley/Oakland."
Bank of Marin,Bank,Elan,follows-rail (TU-usual; EX/EQ possible),HARD,RAIL-INFERENCE,2022-2025,https://ficoforums.myfico.com/t5/Business-Credit/Elan-Business-Cards-Credit-Bureau-Pull/td-p/6666184,"CARRIED FORWARD (deep_2). Elan suite. Inquiry shows as Elan Financial Services. No Bank of Marin-specific DP; rail-level claim only. Alameda/Oakland."
"Zions Bancorporation, N.A.",Bank,SELF,UNKNOWN (consumer DPs mixed TU/EQ/EX by geography),HARD,CONSUMER-PROXY,2013 (stale consumer EX DP),https://ficoforums.myfico.com/t5/Credit-Cards/Anyone-with-experience-Zion-Bancorp/td-p/1835533 | https://ficoforums.myfico.com/t5/Credit-Cards/ZIONS-BANK-U-aware/td-p/3690006,"CARRIED FORWARD (rerun_5). HQ Salt Lake City UT; CA applicants go through California Bank & Trust brand. Consumer DPs vary TU/EQ/EX by region; no biz-card-specific bureau DP. Biz cards self-underwritten. No soft-pull prequal."
City National Bank,Bank,SELF,EX (consumer Crystal DPs; commercial card undisclosed),HARD,CONSUMER-PROXY,2019-2021 (Crystal DPs; dated),https://ficoforums.myfico.com/t5/Credit-Cards/City-National-Bank-Crystal-credit-card-review/td-p/5469704 | https://www.cnb.com/business-banking/lending/credit-cards/crystal-commercial.html,"CARRIED FORWARD (rerun_3/deep_2). LA CA, RBC-owned (not City National of FL/WV). EX from CONSUMER Crystal Visa Infinite only. Commercial card is RM-issued via Business Lending Application + Personal Financial Statement; PG likely but bureau undisclosed. Product mismatch flagged."
PATELCO,CU,SELF (Mastercard),EX,HARD (personal credit per issuer page),CONSUMER-PROXY,2020-2024 (consumer DPs); biz T&C 2024-01,https://ficoforums.myfico.com/t5/Credit-Card-Approvals/Patelco-CU-Pure-MasterCard-10-000-00-Approved/td-p/6314291 | https://www.patelco.org/business-banking/business-rewards-card | https://www.patelco.org/wp-content/uploads/2024/01/Business-Banking-Credit-Card-G-10.pdf,"CARRIED FORWARD (rerun_2). Dublin/Pleasanton CA. Single-bureau Experian shop across consumer products (Pure/Points MC, Secured all EX FICO8). Business Rewards Mastercard officially hard-pulls PERSONAL credit (PG implied; 2yr-in-business req), reports to Experian Business. Confirming bureau DPs are consumer; EX inference strong."
NUVISION,CU,SELF (self-branded Visa; rail unconfirmed),UNKNOWN,HARD (presumed),UNKNOWN,n/a,https://nuvisionfederal.com/business-banking/credit-cards | https://nuvisionfederal.com/credit-cards,"CARRIED FORWARD (rerun_2). HQ Huntington Beach CA (also 'Denali' AK division - same entity). Self-branded Business Visa Rewards; issuer/rail not confirmed (not clearly Elan). No bureau DP on myFICO/CreditBoards/Reddit. Multi-state - bureau may vary by region."
Heritage Bank of Commerce,Bank,Elan,follows-rail (TU-usual; EX/EQ possible),HARD,RAIL-INFERENCE,2022-2025 (Elan rail DPs),https://www.cbbank.com/business-services/business-credit-cards | https://ficoforums.myfico.com/t5/Business-Credit/Elan-Business-Cards-Credit-Bureau-Pull/td-p/6666184 | https://www.sec.gov/Archives/edgar/data/0001053352/000110465925122103/tm2533554d2_ex99-1.htm,"FRESH. San Jose CA (Heritage Commerce Corp, HTBK); Fremont/Livermore/Oakland/Pleasanton branches. Merger into Citizens Business Bank (CVB Financial) announced Dec 2025, expected close Q2 2026; HBC card site now redirects to cbbank.com. Card disclosure confirmed: 'creditor and issuer is Elan Financial Services.' Both HBC and Citizens Business Bank are Elan agents (CBB in deep_3). Inquiry shows as Elan Financial Services. No HBC-specific pull DP; TU most-cited for Elan biz, EX/EQ rotate."
Summit Bank,Bank,SELF (third-party provider; rail unconfirmed),UNKNOWN,HARD (presumed),UNKNOWN,n/a,https://www.summitbanking.com/business/loans/credit-cards/,"FRESH. Oakland CA community bank (Emeryville/Oakland; sbko.bank). Offers Standard Card + Preferred Points business card 'from our third-party provider' - provider NOT named on site (not disclosed as Elan/TIB/TCM). No bureau named; zero forum/DoC/myFICO DPs. NAME-TWIN: many 'Summit' CUs/banks (Summit CU WI, Summit FCU NY, 1st Summit Bank PA) - confirmed Oakland CA entity. Ask banker which bureau + which processor pre-app."
"Industrial and Commercial Bank of China USA, National Association",Bank,SELF (no business card identified),UNKNOWN,UNKNOWN,UNKNOWN,n/a,https://www.icbc-us.com/en/column/1438058492123824159.html | https://www.doctorofcredit.com/icbc-credit-cards-full-reviews-four-cards-unionpay-visa-2-cashback-no-ftf/,"FRESH. ICBC (USA) N.A., Oakland branch (HQ via NY/SF/LA). Public card lineup = PERSONAL UnionPay + Visa cards (DoC reviewed 4 personal cards); NO business credit card product identified - commercial banking lists 'debit and credit card services' but no distinct business card terms. Zero pull DPs anywhere; niche bank. If a biz card exists it is branch/relationship-only. UNKNOWN bureau; UNKNOWN product."
Farmers & Merchants Bank of Central California,Bank,Elan,follows-rail (TU-usual; EX/EQ possible),HARD,RAIL-INFERENCE,2022-2025,https://www.fmb.com/ | https://ficoforums.myfico.com/t5/Business-Credit/Elan-Business-Cards-Credit-Bureau-Pull/td-p/6666184 | https://ficoforums.myfico.com/t5/Business-Credit/Elan-Financial-Credit-Pulls/td-p/6244031,"FRESH. Lodi CA (fmb.com), ~$5.3B, Oakland branch. Business card disclosure: 'creditor and issuer is Elan Financial Services, pursuant to licenses from Visa/Mastercard.' DISTINCT entity from 'Farmers and Merchants Bank of Long Beach' (also Elan, in deep_3) - both Elan agents but different banks; this is the Central CA/Lodi one. Inquiry shows as Elan Financial Services. No F&M-CentralCA-specific pull DP; TU most-cited rail-wide."
First Foundation Bank,Bank,Elan,follows-rail (TU-usual; EX/EQ possible),HARD,RAIL-INFERENCE,2022-2025,https://www.firstfoundationinc.com/credit-card-login | https://www.firstfoundationinc.com/business-banking/business-lending/business-credit-cards | https://ficoforums.myfico.com/t5/Business-Credit/Elan-Business-Cards-Credit-Bureau-Pull/td-p/6666184,"FRESH. Oakland branch (now operating as Sunflower Bank N.A. dba First Foundation Bank post-merger). Disclosure: 'creditor and issuer of Visa and American Express cards is Elan Financial Services, pursuant to licenses from Visa U.S.A. and American Express.' Elan rail (Visa + Amex co-brand). NOTE: parent Sunflower Bank itself is SELF/UNKNOWN in deep_2 - but First Foundation-branded cards run on Elan. Inquiry shows as Elan Financial Services. No First-Foundation-specific pull DP; TU most-cited rail-wide."
SELF-HELP,CU,SELF (Mastercard),UNKNOWN,HARD (presumed),UNKNOWN,n/a,https://www.self-helpfcu.org/business | https://www.self-helpfcu.org/personal/loans/credit-cards | https://www.self-helpfcu.org/docs/default-source/pdfs/mastercard-application-disclosure-04-21.pdf,"FRESH. Self-Help Federal Credit Union (Oakland CA branch; CDFI). Self-issued Mastercards. Mastercard application/disclosure PDF located but does not name a bureau (binary/image PDF). Business banking exists; business-card-specific terms thin. Zero application-pull DPs on myFICO/Reddit/DoC. CA-CU Experian-cluster pattern would suggest EX but NO DP - left UNKNOWN per rules. NAME-TWIN: Self-Help CU (NC, self-help.org) vs Self-Help FCU (CA-focused, self-helpfcu.org) - same family, CA arm is the Oakland entity."
BLUPEAK,CU,SELF,UNKNOWN,HARD (presumed),UNKNOWN,n/a,https://www.blupeak.com/member-assistance/digital-banking/ | https://www.doctorofcredit.com/ca-only-blupeak-formerly-use-credit-union-600-checking-bonus/,"FRESH. BluPeak Credit Union (formerly USE Credit Union), San Diego HQ; FOM includes Alameda County (Berkeley). Self-issued. No application-pull DP on myFICO/Reddit/DoC; only signal is SavvyMoney monitoring uses TransUnion - that is SOFT monitoring, NOT an underwriting pull (do not treat as pull bureau, same caveat as Rize/SCE). Bureau for card app UNKNOWN. CA-CU EX-cluster is INFERENCE-only, no DP."
SEA WEST COAST GUARD,CU,SELF (no business card identified),UNKNOWN,HARD (presumed),UNKNOWN,n/a,https://seawest.coop/credit-cards | https://www.bbb.org/us/ca/oakland/profile/credit-union/sea-west-coast-guard-federal-credit-union-1116-75190,"FRESH. SeaWest Coast Guard FCU, Alameda/Oakland CA (seawest.coop). Card page lists only PERSONAL Visa Classic/Gold/Platinum - NO business credit card product found. Self-issued; no issuer/processor named, no bureau named. Zero forum DPs. If a biz card is offered it is not public. UNKNOWN bureau; business product not identified. NAME-TWIN: distinct from Coast360 FCU (Guam)."
UTILITY DISTRICT,CU,SELF (no business card; no business banking),UNKNOWN,UNKNOWN,UNKNOWN,n/a,https://udcu.org/ | https://www.creditunionsonline.com/credit-union-9415.html,"FRESH. Utility District Credit Union (udcu.org), Oakland CA - EBMUD-employee CU founded 1935, tiny single-SEG. Product list (Share Savings/Draft Checking/Money Market/auto/unsecured loans/LOC/Visa Debit) shows NO business banking and NO business credit card. Card offering is consumer-only and minimal. UNKNOWN bureau; business card does not appear to exist. Membership = EBMUD employees + family only."
