0,"13641 Central Ave, Ste I",Chino,CA,91710
1,12545 Central Ave,Chino,CA,91710
2,"8311 Haven Ave, Ste 100",Rancho Cucamonga,CA,91730
3,5370 Jefferson Ave,Chino,CA,91710
4,"3633 Inland Empire Blvd, Ste 100",Ontario,CA,91764
5,2195 S Grove Ave,Ontario,CA,91761
6,9759 Base Line Rd,Rancho Cucamonga,CA,91730
7,701 N Haven Ave,Ontario,CA,91764
8,12808 Central Ave,Chino,CA,91710
9,301 E Vanderbilt Way,San Bernardino,CA,92408
10,9244 Sierra Ave,Fontana,CA,92335
11,818 N Mountain Ave,Upland,CA,91786
12,1555 E Highland Ave,San Bernardino,CA,92404
13,9590 Foothill Blvd,Rancho Cucamonga,CA,91730
14,5455 Riverside Dr,Chino,CA,91710
15,569 N Mountain Ave,Upland,CA,91786
16,"9680 Haven Ave, Ste 100",Rancho Cucamonga,CA,91730
17,2401 S Grove Ave,Ontario,CA,91761
18,"1040 S Mount Vernon Ave, Ste A",Colton,CA,92324
19,255 S Riverside Ave,Rialto,CA,92376
20,11930 Foothill Blvd,Rancho Cucamonga,CA,91739
21,368 E Vanderbilt Way,San Bernardino,CA,92408
22,"3237 E Guasti Rd, Ste 110",Ontario,CA,91761
23,"9775 Base Line Rd, Unit 109",Rancho Cucamonga,CA,91730
24,"306 W 2nd St, Ste 100",San Bernardino,CA,92401
25,"9714 Sierra Ave, Ste 101",Fontana,CA,92335
26,"3257 E Guasti Rd, Ste 320",Ontario,CA,91761
27,12747 Central Ave,Chino,CA,91710
28,9719 Foothill Blvd,Rancho Cucamonga,CA,91730
29,22377 Barton Rd,Grand Terrace,CA,92313
30,409 E Foothill Blvd,Rialto,CA,92376
31,10048 Sierra Ave,Fontana,CA,92335
32,8023 Citrus Ave,Fontana,CA,92336
33,735 N Euclid Ave,Ontario,CA,91762
34,15092 Summit Ave,Fontana,CA,92336
35,303 N D St,San Bernardino,CA,92401
36,130 W 40th St,San Bernardino,CA,92407
37,2011 E Highland Ave,San Bernardino,CA,92404
38,7387 Day Creek Blvd,Rancho Cucamonga,CA,91739
39,1916 N Campus Ave,Upland,CA,91784
40,11570 4th St,Rancho Cucamonga,CA,91730
41,1211 W Foothill Blvd,Upland,CA,91786
42,11159 Sierra Ave,Fontana,CA,92337
43,240 N Euclid Ave,Ontario,CA,91762
44,5120 Moreno St,Montclair,CA,91763
45,2500 S Grove Ave,Ontario,CA,91761
46,14307 Baseline Ave,Fontana,CA,92336
47,10540 Foothill Blvd,Rancho Cucamonga,CA,91730
48,12273 Highland Ave,Rancho Cucamonga,CA,91739
49,12455 Central Ave,Chino,CA,91710
50,4141 Inland Empire Blvd Fl 3,Ontario,CA,91764
51,1919 N Campus Ave,Upland,CA,91784
52,15282 Summit Ave,Fontana,CA,92336
53,11205 Sierra Ave,Fontana,CA,92337
54,8071 Day Creek Blvd,Rancho Cucamonga,CA,91739
55,151 W Base Line Rd,Rialto,CA,92376
56,16175 Sierra Lakes Pkwy,Fontana,CA,92336
57,4240 E 4th St,Ontario,CA,91764
58,334 W 3rd St,San Bernardino,CA,92401
59,190 W Foothill Blvd,Rialto,CA,92376
60,296 W Highland Ave,San Bernardino,CA,92405
61,811 W Foothill Blvd,Upland,CA,91786
62,14245 Pipeline Ave,Chino,CA,91710
63,1551 S Grove Ave,Ontario,CA,91761
64,8229 Rochester Ave,Rancho Cucamonga,CA,91730
65,300 N Mountain Ave,Upland,CA,91786
66,870 N Mountain Ave,Upland,CA,91786
67,2020 E Highland Ave,San Bernardino,CA,92404
68,8730 19th St,Rancho Cucamonga,CA,91701
69,330 N D St,San Bernardino,CA,92401
70,101 E Foothill Blvd,Rialto,CA,92376
71,315 W Highland Ave,San Bernardino,CA,92405
72,31 W Foothill Blvd,Upland,CA,91786
73,14518 Baseline Ave,Fontana,CA,92336
74,12193 Central Ave,Chino,CA,91710
75,16879 Sierra Lakes Pkwy,Fontana,CA,92336
76,2633 E Riverside Dr,Ontario,CA,91761
77,1905 N Campus Ave,Upland,CA,91784
78,8108 Milliken Ave,Rancho Cucamonga,CA,91730
79,15320 Summit Ave,Fontana,CA,92336
80,"7033 Schaefer Ave, 1a",Chino,CA,91710
81,16120 Foothill Blvd,Fontana,CA,92335
82,959 Kendall Dr,San Bernardino,CA,92407
83,9700 19th St,Rancho Cucamonga,CA,91737
84,2005 E Washington St,Colton,CA,92324
85,1070 N Mountain Ave,Ontario,CA,91762
86,17042 Slover Ave,Fontana,CA,92337
87,3800 Grand Ave,Chino,CA,91710
88,10598 Base Line Rd,Rancho Cucamonga,CA,91701
89,3470 E Ontario Ranch Rd,Ontario,CA,91761
90,22729 Barton Rd,Grand Terrace,CA,92313
91,815 W Holt Blvd,Ontario,CA,91762
92,4261 Inland Empire Blvd Ste 102,Ontario,CA,91764
93,4594 University Pkwy,San Bernardino,CA,92407
94,3075 S Archibald Ave,Ontario,CA,91761
95,12801 Central Ave,Chino,CA,91710
96,20 E Foothill Blvd,Upland,CA,91786
97,9696 Base Line Rd,Rancho Cucamonga,CA,91701
98,6644 Carnelian St,Rancho Cucamonga,CA,91701
99,9090 Central Ave,Montclair,CA,91763
100,333 N Euclid Ave,Ontario,CA,91762
101,4061 Grand Ave,Chino,CA,91710
102,7400 Cherry Ave,Fontana,CA,92336
103,2280 S Grove Ave,Ontario,CA,91761
104,6989 Schaefer Ave,Chino,CA,91710
105,6351 Haven Ave,Rancho Cucamonga,CA,91737
106,15222 Summit Ave,Fontana,CA,92336
107,11551 Foothill Blvd,Rancho Cucamonga,CA,91730
108,290 E Highland Ave,San Bernardino,CA,92404
109,2115 W Baseline Rd,Upland,CA,91784
110,160 W Foothill Blvd,Upland,CA,91786
111,10590 Base Line Rd,Rancho Cucamonga,CA,91701
112,8501 Sierra Ave,Fontana,CA,92335
113,615 N La Cadena Dr,Colton,CA,92324
114,4295 Concours,Ontario,CA,91764
115,12035 Foothill Blvd,Rancho Cucamonga,CA,91730
116,7862 Limonite Avenue,Jurupa Valley,CA,92509
117,11010 Limonite Ave,Jurupa Valley,CA,91752
118,3484 Central Ave,Riverside,CA,92506
119,3715 Sunnyside Dr,Riverside,CA,92506
120,3695 Main St,Riverside,CA,92501
121,3727 Arlington Ave,Riverside,CA,92506
122,5030 Arlington Ave,Riverside,CA,92504
123,6570 Magnolia Ave,Riverside,CA,92506
124,"5225 Canyon Crest Drive, Suite 30",Riverside,CA,92507
125,4001 Main St,Riverside,CA,92501
126,"19348 Van Buren Blvd, Ste 119",Riverside,CA,92508
127,"3312 La Sierra Ave, Ste 105",Riverside,CA,92503
129,"3403 10th St, Ste 100",Riverside,CA,92501
130,"3844 La Sierra Ave, Ste A",Riverside,CA,92505
131,1680 University Ave,Riverside,CA,92507
132,6370 Magnolia Ave,Riverside,CA,92506
133,351 E Alessandro Blvd,Riverside,CA,92508
134,12511 Limonite Ave,Mira Loma,CA,91752
135,10297 Magnolia Ave,Riverside,CA,92503
136,14284 Schleisman Rd,Eastvale,CA,92880
137,3750 University Ave,Riverside,CA,92501
138,3765 Tyler St,Riverside,CA,92503
139,8330 Limonite Ave,Riverside,CA,92509
140,6189 Magnolia Ave,Riverside,CA,92506
141,483 E Alessandro Blvd,Riverside,CA,92508
142,4800 Magnolia Ave,Riverside,CA,92506
143,"3390 University Ave, Suite 400",Riverside,CA,92501
144,6245 Riverside Ave,Riverside,CA,92506
145,7800 Limonite Ave,Riverside,CA,92509
146,6060 Hamner Ave,Eastvale,CA,91752
147,8705 Trautwein Rd,Riverside,CA,92508
148,"1299 University Ave, Ste 105",Riverside,CA,92507
149,10355 Magnolia Ave,Riverside,CA,92505
150,7042 Archibald Ave,Eastvale,CA,92880
151,"5225 Canyon Crest Dr, Ste 85",Riverside,CA,92507
152,3600 Tyler St,Riverside,CA,92503
153,5395 Canyon Crest Dr,Riverside,CA,92507
154,5242 Arlington Ave,Riverside,CA,92504
155,3520 Riverside Plaza Dr,Riverside,CA,92506
156,"5800 Van Buren Blvd, Ste 104",Riverside,CA,92503
157,19059 Van Buren Blvd,Riverside,CA,92508
158,3350 La Sierra Ave,Riverside,CA,92503
159,"9811 Magnolia Ave, Ste B",Riverside,CA,92503
160,9103 Mission Blvd,Riverside,CA,92509
161,3625 Vine St,Riverside,CA,92507
162,3605 Central Ave,Riverside,CA,92506
163,3580 Tyler St,Riverside,CA,92503
164,1651 University Ave,Riverside,CA,92507
165,1095 N Garey Ave,Pomona,CA,91767
166,102 Yale Ave,Claremont,CA,91711
167,223 W Foothill Blvd,Claremont,CA,91711
168,358 W Foothill Blvd,Claremont,CA,91711
169,390 W Foothill Blvd,Claremont,CA,91711
170,269 W Bonita Ave,Claremont,CA,91711
171,444 S Garey Ave,Pomona,CA,91766
172,339 Yale Ave,Claremont,CA,91711
173,321 E Holt Ave,Pomona,CA,91767
174,203 Yale Ave,Claremont,CA,91711
175,100 W 2nd St,Pomona,CA,91766
176,400 N Indian Hill Blvd,Claremont,CA,91711
177,805 W Foothill Blvd,Claremont,CA,91711
178,"101 W Mission Blvd, Ste 105",Pomona,CA,91766
179,393 W Foothill Blvd,Claremont,CA,91711
180,705 W Arrow Hwy,Claremont,CA,91711
181,6365 Valley Springs Pkwy,Riverside,CA,92507
182,4190 E 4th St Ste A,Ontario,CA,91764
183,1049 Harriman Pl,San Bernardino,CA,92408
184,9389 Cherry Ave,Fontana,CA,92335
185,9040 Benson Ave,Montclair,CA,91763
186,599 N E St,San Bernardino,CA,92401
187,1270 Renaissance Pkwy,Rialto,CA,92376
188,975 N Haven Ave,Ontario,CA,91764
189,420 E Hospitality Ln Ste A6,San Bernardino,CA,92408
190,11498 Pierce St Ste D,Riverside,CA,92505
191,1365 E 19th St Ste F,Upland,CA,91784
192,17235 Arrow Blvd,Fontana,CA,92335
193,145 E Mill St,San Bernardino,CA,92408
194,202 W B St,Ontario,CA,91762
195,3530 POMONA BLVD,Pomona,CA,91768
196,1520 N Palmetto Ave,Ontario,CA,91762
197,11563 Foothill Blvd Ste 101,Rancho Cucamonga,CA,91730
198,1024 W Foothill Blvd,Upland,CA,91786
199,1014 W Foothill Blvd Ste C,Upland,CA,91786
200,9692 Haven Ave,Rancho Cucamonga,CA,91730
201,1880 N Garey Ave Ste A,Pomona,CA,91767
202,3110 INLAND EMPIRE BLVD STE A,Ontario,CA,91764
203,10910 Foothill Blvd,Rancho Cucamonga,CA,91730
204,4204 Riverwalk Pkwy Ste 100,Riverside,CA,92505
205,161 E 40th St,San Bernardino,CA,92404
206,4005 Grand Ave Ste D,Chino,CA,91710
207,1895 N Campus Ave Ste C,Upland,CA,91784
208,3801 W Temple Ave Bldg 66,Pomona,CA,91768
209,5225 Canyon Crest Dr,Riverside,CA,92507
210,401 W 2nd St,San Bernardino,CA,92401
211,2855 E Guasti RD STE 202,Ontario,CA,91761
212,8750 Central Ave,Montclair,CA,91763
213,2847 Campus Pkwy,Riverside,CA,92507
214,6403 Riverside Ave,Riverside,CA,92506
215,2692 Canyon Springs Pkwy Ste C,Riverside,CA,92507
216,3451 14th St,Riverside,CA,92501
217,10725 Magnolia Ave,Riverside,CA,92505
218,1616 University Ave,Riverside,CA,92507
219,5010 Hamner Ave Ste 120,Eastvale,CA,91752
220,17094 Van Buren Blvd,Riverside,CA,92504
221,8686 Haven Ave,Rancho Cucamonga,CA,91730
222,1432 S Riverside Ave,Rialto,CA,92376
223,6135 Van Buren Blvd,Riverside,CA,92503
225,81 W Foothill Blvd,Upland,CA,91786
226,16944 S Highland Ave,Fontana,CA,92336
227,6170 Hamner Ave,Eastvale,CA,91752
228,575 E Hospitality Ln,San Bernardino,CA,92408
229,5275 Holt Blvd,Montclair,CA,91763
230,701 S Mount Vernon Ave,San Bernardino,CA,92410
231,4012 Grand Ave Ste A,Chino,CA,91710
232,8401 Pine Ave Ste 110,Chino,CA,91708
233,737 Rio Rancho Rd,Pomona,CA,91766
234,2777 E Guasti Rd,Ontario,CA,91761
235,16014 Foothill Blvd,Fontana,CA,92335
236,19100 Slover Ave,Bloomington,CA,92316
237,4333 Orange St Ste 100,Riverside,CA,92501
238,2254 S Euclid Ave Ste A,Ontario,CA,91762
239,2025 N RIVERSIDE AVE,Rialto,CA,92377
240,4330 Mills Cir,Ontario,CA,91764
241,3790 Tyler St,Riverside,CA,92503
243,6102 Orbis Way Ste 550,Eastvale,CA,92880
244,250 W 1st St Ste 150,Claremont,CA,91711
245,9471 Pittsburgh Ave,Rancho Cucamonga,CA,91730
