"230","701 S Mount Vernon Ave, San Bernardino, CA, 92410","Match","Exact","701 S MOUNT VERNON AVE, SAN BERNARDINO, CA, 92410","-117.313798283877,34.089278863924","640054831","L"
"110","160 W Foothill Blvd, Upland, CA, 91786","Match","Exact","160 W FOOTHILL BLVD, UPLAND, CA, 91786","-117.653243119295,34.106940808777","657743008","L"
"231","4012 Grand Ave Ste A, Chino, CA, 91710","Match","Non_Exact","4012 GRAND AVE, CHINO, CA, 91710","-117.718375180878,33.997999538993","641280594","R"
"111","10590 Base Line Rd, Rancho Cucamonga, CA, 91701","Match","Non_Exact","10590 BASELINE RD, RANCHO CUCAMONGA, CA, 91701","-117.574162239895,34.121572394044","144969763","L"
"232","8401 Pine Ave Ste 110, Chino, CA, 91708","Match","Exact","8401 PINE AVE, CHINO, CA, 91708","-117.621977668317,33.958667444174","647991084","R"
"112","8501 Sierra Ave, Fontana, CA, 92335","Match","Exact","8501 SIERRA AVE, FONTANA, CA, 92335","-117.435707023342,34.099246408799","144642531","L"
"233","737 Rio Rancho Rd, Pomona, CA, 91766","Match","Exact","737 RIO RANCHO RD, POMONA, CA, 91766","-117.755721304132,34.033578398921","657078419","L"
"113","615 N La Cadena Dr, Colton, CA, 92324","Match","Exact","615 N LA CADENA DR, COLTON, CA, 92324","-117.323452000392,34.071445438554","649799772","L"
"234","2777 E Guasti Rd, Ontario, CA, 91761","Match","Exact","2777 E GUASTI RD, ONTARIO, CA, 91761","-117.59162307476,34.065285975628","647989800","L"
"114","4295 Concours, Ontario, CA, 91764","Match","Exact","4295 CONCOURS, ONTARIO, CA, 91764","-117.557938637582,34.074614219005","627839588","R"
"235","16014 Foothill Blvd, Fontana, CA, 92335","Match","Exact","16014 FOOTHILL BLVD, FONTANA, CA, 92335","-117.455567371981,34.106686389016","636194270","R"
"115","12035 Foothill Blvd, Rancho Cucamonga, CA, 91730","Match","Exact","12035 FOOTHILL BLVD, RANCHO CUCAMONGA, CA, 91730","-117.542673729103,34.106325589928","144640223","R"
"236","19100 Slover Ave, Bloomington, CA, 92316","Match","Exact","19100 SLOVER AVE, BLOOMINGTON, CA, 92316","-117.387630669684,34.063271105975","144646826","L"
"116","7862 Limonite Avenue, Jurupa Valley, CA, 92509","Match","Exact","7862 LIMONITE AVE, JURUPA VALLEY, CA, 92509","-117.455521166072,33.978377341406","640664568","L"
"237","4333 Orange St Ste 100, Riverside, CA, 92501","Match","Exact","4333 ORANGE ST, RIVERSIDE, CA, 92501","-117.376789121515,33.976274953845","194742127","R"
"117","11010 Limonite Ave, Jurupa Valley, CA, 91752","Match","Exact","11010 LIMONITE AVE, JURUPA VALLEY, CA, 91752","-117.523566366157,33.975402223283","194734856","L"
"238","2254 S Euclid Ave Ste A, Ontario, CA, 91762","Match","Non_Exact","2254 S EUCLID AVE, ONTARIO, CA, 91762","-117.651122450255,34.032325675936","636276087","R"
"118","3484 Central Ave, Riverside, CA, 92506","Match","Exact","3484 CENTRAL AVE, RIVERSIDE, CA, 92506","-117.387381104628,33.953554138889","646314806","L"
"239","2025 N RIVERSIDE AVE, Rialto, CA, 92377","Match","Exact","2025 N RIVERSIDE AVE, RIALTO, CA, 92377","-117.370400653996,34.136686712348","614820676","L"
"119","3715 Sunnyside Dr, Riverside, CA, 92506","Match","Exact","3715 SUNNYSIDE DR, RIVERSIDE, CA, 92506","-117.394748453576,33.9546404029","194741617","R"
"10","9244 Sierra Ave, Fontana, CA, 92335","Match","Exact","9244 SIERRA AVE, FONTANA, CA, 92335","-117.435779822285,34.085884575803","144645296","R"
"11","818 N Mountain Ave, Upland, CA, 91786","Match","Exact","818 N MOUNTAIN AVE, UPLAND, CA, 91786","-117.670122719115,34.103704642476","638618450","R"
"12","1555 E Highland Ave, San Bernardino, CA, 92404","Match","Exact","1555 E HIGHLAND AVE, SAN BERNARDINO, CA, 92404","-117.2534452916,34.135803782866","144656150","R"
"13","9590 Foothill Blvd, Rancho Cucamonga, CA, 91730","Match","Exact","9590 FOOTHILL BLVD, RANCHO CUCAMONGA, CA, 91730","-117.595934233279,34.106767067126","636195896","R"
"14","5455 Riverside Dr, Chino, CA, 91710","Match","Exact","5455 RIVERSIDE DR, CHINO, CA, 91710","-117.685987589567,34.019035315393","144673281","R"
"15","569 N Mountain Ave, Upland, CA, 91786","No_Match"
"16","9680 Haven Ave, Ste 100, Rancho Cucamonga, CA, 91730","Match","Exact","9680 HAVEN AVE, RANCHO CUCAMONGA, CA, 91730","-117.575782400182,34.079184642989","614815131","R"
"17","2401 S Grove Ave, Ontario, CA, 91761","Match","Exact","2401 S GROVE AVE, ONTARIO, CA, 91761","-117.628357122636,34.029738949619","144677091","L"
"18","1040 S Mount Vernon Ave, Ste A, Colton, CA, 92324","Match","Non_Exact","1040 S MOUNT VERNON AVE, COLTON, CA, 92324","-117.309106305425,34.051614174066","647990405","L"
"19","255 S Riverside Ave, Rialto, CA, 92376","Match","Exact","255 S RIVERSIDE AVE, RIALTO, CA, 92376","-117.370207005283,34.097369769842","144970751","L"
"240","4330 Mills Cir, Ontario, CA, 91764","Match","Exact","4330 MILLS CIR, ONTARIO, CA, 91764","-117.550271453887,34.0702553603","144983179","R"
"120","3695 Main St, Riverside, CA, 92501","Match","Exact","3695 MAIN ST, RIVERSIDE, CA, 92501","-117.373784177711,33.983091943929","194742095","R"
"241","3790 Tyler St, Riverside, CA, 92503","Match","Exact","3790 TYLER ST, RIVERSIDE, CA, 92503","-117.46130474795,33.911731327549","194836149","L"
"0","13641 Central Ave, Ste I, Chino, CA, 91710","Match","Non_Exact","13641 CENTRAL AVE, CHINO, CA, 91710","-117.689110131625,34.006158434008","144673309","L"
"121","3727 Arlington Ave, Riverside, CA, 92506","Match","Exact","3727 ARLINGTON AVE, RIVERSIDE, CA, 92506","-117.397879168357,33.946300153211","194741592","R"
"1","12545 Central Ave, Chino, CA, 91710","Match","Exact","12545 CENTRAL AVE, CHINO, CA, 91710","-117.689326275731,34.025597967564","144673007","L"
"122","5030 Arlington Ave, Riverside, CA, 92504","Match","Exact","5030 ARLINGTON AVE, RIVERSIDE, CA, 92504","-117.412721843483,33.946047813489","194739621","L"
"243","6102 Orbis Way Ste 550, Eastvale, CA, 92880","No_Match"
"2","8311 Haven Ave, Ste 100, Rancho Cucamonga, CA, 91730","Match","Exact","8311 HAVEN AVE, RANCHO CUCAMONGA, CA, 91730","-117.575756374013,34.102801098459","144636255","L"
"123","6570 Magnolia Ave, Riverside, CA, 92506","Match","Exact","6570 MAGNOLIA AVE, RIVERSIDE, CA, 92506","-117.396200993537,33.953784104226","608993125","L"
"244","250 W 1st St Ste 150, Claremont, CA, 91711","Match","Exact","250 W 1ST ST, CLAREMONT, CA, 91711","-117.716972936503,34.094457662365","241230125","R"
"3","5370 Jefferson Ave, Chino, CA, 91710","Match","Exact","5370 JEFFERSON AVE, CHINO, CA, 91710","-117.688483124476,34.024766801913","144673011","L"
"124","5225 Canyon Crest Drive, Suite 30, Riverside, CA, 92507","Match","Exact","5225 CANYON CREST DR, RIVERSIDE, CA, 92507","-117.329392533696,33.956600971659","195085599","R"
"245","9471 Pittsburgh Ave, Rancho Cucamonga, CA, 91730","Match","Non_Exact","9471 PITTSBURG AVE, RANCHO CUCAMONGA, CA, 91730","-117.555935039399,34.081349165371","144692177","R"
"4","3633 Inland Empire Blvd, Ste 100, Ontario, CA, 91764","Match","Exact","3633 INLAND EMPIRE BLVD, ONTARIO, CA, 91764","-117.571142155876,34.069522542504","145226031","L"
"125","4001 Main St, Riverside, CA, 92501","Match","Exact","4001 MAIN ST, RIVERSIDE, CA, 92501","-117.376247348332,33.979400840328","194742083","R"
"5","2195 S Grove Ave, Ontario, CA, 91761","Match","Exact","2195 S GROVE AVE, ONTARIO, CA, 91761","-117.628398845448,34.034144046704","614814829","L"
"126","19348 Van Buren Blvd, Ste 119, Riverside, CA, 92508","No_Match"
"6","9759 Base Line Rd, Rancho Cucamonga, CA, 91730","Match","Non_Exact","9759 BASELINE RD, RANCHO CUCAMONGA, CA, 91730","-117.592585254536,34.121475803702","649310765","R"
"127","3312 La Sierra Ave, Ste 105, Riverside, CA, 92503","Match","Exact","3312 LA SIERRA AVE, RIVERSIDE, CA, 92503","-117.470063554621,33.895838310398","618342233","L"
"7","701 N Haven Ave, Ontario, CA, 91764","Match","Exact","701 N HAVEN AVE, ONTARIO, CA, 91764","-117.575882423826,34.069897285704","640050490","R"
"8","12808 Central Ave, Chino, CA, 91710","Match","Exact","12808 CENTRAL AVE, CHINO, CA, 91710","-117.689401568722,34.020666079623","144673260","R"
"129","3403 10th St, Ste 100, Riverside, CA, 92501","Match","Exact","3403 10TH ST, RIVERSIDE, CA, 92501","-117.372345713645,33.978476263789","194742112","R"
"9","301 E Vanderbilt Way, San Bernardino, CA, 92408","Match","Non_Exact","301 E VANDERBILT LN, SAN BERNARDINO, CA, 92408","-117.278707308433,34.068663791963","144659507","L"
"20","11930 Foothill Blvd, Rancho Cucamonga, CA, 91739","Match","Exact","11930 FOOTHILL BLVD, RANCHO CUCAMONGA, CA, 91739","-117.544236959376,34.106520916948","636195204","R"
"21","368 E Vanderbilt Way, San Bernardino, CA, 92408","Match","Non_Exact","368 E VANDERBILT LN, SAN BERNARDINO, CA, 92408","-117.27732038767,34.068781001024","144659507","R"
"22","3237 E Guasti Rd, Ste 110, Ontario, CA, 91761","Match","Exact","3237 E GUASTI RD, ONTARIO, CA, 91761","-117.580799243791,34.064995057039","144965508","L"
"23","9775 Base Line Rd, Unit 109, Rancho Cucamonga, CA, 91730","Match","Non_Exact","9775 BASELINE RD, RANCHO CUCAMONGA, CA, 91730","-117.592356440075,34.121475803689","649310765","R"
"24","306 W 2nd St, Ste 100, San Bernardino, CA, 92401","Match","Exact","306 W 2ND ST, SAN BERNARDINO, CA, 92401","-117.289852552679,34.102780380092","144655472","R"
"25","9714 Sierra Ave, Ste 101, Fontana, CA, 92335","Match","Exact","9714 SIERRA AVE, FONTANA, CA, 92335","-117.435754214971,34.077289790881","144645390","R"
"26","3257 E Guasti Rd, Ste 320, Ontario, CA, 91761","Match","Exact","3257 E GUASTI RD, ONTARIO, CA, 91761","-117.579863796079,34.064668410584","144965508","L"
"27","12747 Central Ave, Chino, CA, 91710","Match","Exact","12747 CENTRAL AVE, CHINO, CA, 91710","-117.689277631897,34.022053362533","638618435","L"
"28","9719 Foothill Blvd, Rancho Cucamonga, CA, 91730","Match","Exact","9719 FOOTHILL BLVD, RANCHO CUCAMONGA, CA, 91730","-117.593019845323,34.10656280541","144635815","R"
"29","22377 Barton Rd, Grand Terrace, CA, 92313","Match","Exact","22377 BARTON RD, GRAND TERRACE, CA, 92313","-117.316678423111,34.033846605667","144658647","R"
"130","3844 La Sierra Ave, Ste A, Riverside, CA, 92505","Match","Non_Exact","3844 LA SIERRA AVE, RIVERSIDE, CA, 92505","-117.477029650144,33.904371880011","194737546","L"
"131","1680 University Ave, Riverside, CA, 92507","Match","Exact","1680 UNIVERSITY AVE, RIVERSIDE, CA, 92507","-117.348039578239,33.975630806491","194746013","L"
"132","6370 Magnolia Ave, Riverside, CA, 92506","Match","Exact","6370 MAGNOLIA AVE, RIVERSIDE, CA, 92506","-117.394841661052,33.955961826858","194741608","L"
"133","351 E Alessandro Blvd, Riverside, CA, 92508","Match","Exact","351 E ALESSANDRO BLVD, RIVERSIDE, CA, 92508","-117.322986084537,33.916364720455","647437771","R"
"134","12511 Limonite Ave, Mira Loma, CA, 91752","Match","Exact","12511 LIMONITE AVE, MIRA LOMA, CA, 91752","-117.555866666974,33.975343975843","646293926","R"
"135","10297 Magnolia Ave, Riverside, CA, 92503","Match","Exact","10297 MAGNOLIA AVE, RIVERSIDE, CA, 92503","-117.461324452846,33.912023329135","194737644","R"
"136","14284 Schleisman Rd, Eastvale, CA, 92880","Match","Exact","14284 SCHLEISMAN RD, EASTVALE, CA, 92880","-117.594298367532,33.960742306154","629796990","L"
"137","3750 University Ave, Riverside, CA, 92501","Match","Exact","3750 UNIVERSITY AVE, RIVERSIDE, CA, 92501","-117.375139598342,33.982186446206","194742071","L"
"138","3765 Tyler St, Riverside, CA, 92503","Match","Exact","3765 TYLER ST, RIVERSIDE, CA, 92503","-117.460873977177,33.911406562057","194836149","R"
"139","8330 Limonite Ave, Riverside, CA, 92509","Match","Exact","8330 LIMONITE AVE, RIVERSIDE, CA, 92509","-117.465883102047,33.975945513793","194736065","L"
"30","409 E Foothill Blvd, Rialto, CA, 92376","Match","Exact","409 E FOOTHILL BLVD, RIALTO, CA, 92376","-117.363643711495,34.106724792416","144644952","R"
"31","10048 Sierra Ave, Fontana, CA, 92335","Match","Exact","10048 SIERRA AVE, FONTANA, CA, 92335","-117.435752349939,34.07096057033","614818867","R"
"32","8023 Citrus Ave, Fontana, CA, 92336","Match","Exact","8023 CITRUS AVE, FONTANA, CA, 92336","-117.453547735564,34.108470473345","652038732","L"
"33","735 N Euclid Ave, Ontario, CA, 91762","Match","Exact","735 N EUCLID AVE, ONTARIO, CA, 91762","-117.651313104585,34.071298323409","636199240","L"
"34","15092 Summit Ave, Fontana, CA, 92336","Match","Exact","15092 SUMMIT AVE, FONTANA, CA, 92336","-117.475000376393,34.148395571139","145229440","R"
"35","303 N D St, San Bernardino, CA, 92401","Match","Exact","303 N D ST, SAN BERNARDINO, CA, 92401","-117.291833773939,34.104666668202","144655449","R"
"36","130 W 40th St, San Bernardino, CA, 92407","Match","Exact","130 W 40TH ST, SAN BERNARDINO, CA, 92407","-117.285894915599,34.164979372775","144972208","R"
"37","2011 E Highland Ave, San Bernardino, CA, 92404","Match","Exact","2011 E HIGHLAND AVE, SAN BERNARDINO, CA, 92404","-117.242040030996,34.135803782221","144995216","R"
"38","7387 Day Creek Blvd, Rancho Cucamonga, CA, 91739","Match","Exact","7387 DAY CREEK BLVD, RANCHO CUCAMONGA, CA, 91739","-117.536818781148,34.120170682618","614817362","L"
"39","1916 N Campus Ave, Upland, CA, 91784","Match","Exact","1916 N CAMPUS AVE, UPLAND, CA, 91784","-117.64270129381,34.131571454947","144674430","R"
"140","6189 Magnolia Ave, Riverside, CA, 92506","Match","Exact","6189 MAGNOLIA AVE, RIVERSIDE, CA, 92506","-117.393558869218,33.958242024071","635981892","R"
"141","483 E Alessandro Blvd, Riverside, CA, 92508","Match","Exact","483 E ALESSANDRO BLVD, RIVERSIDE, CA, 92508","-117.322142835614,33.91637638411","647437771","R"
"142","4800 Magnolia Ave, Riverside, CA, 92506","Match","Exact","4800 MAGNOLIA AVE, RIVERSIDE, CA, 92506","-117.384393708045,33.971937270992","194836276","L"
"143","3390 University Ave, Suite 400, Riverside, CA, 92501","Match","Exact","3390 UNIVERSITY AVE, RIVERSIDE, CA, 92501","-117.370916935388,33.980212115988","194742119","L"
"144","6245 Riverside Ave, Riverside, CA, 92506","Match","Exact","6245 RIVERSIDE AVE, RIVERSIDE, CA, 92506","-117.387978632456,33.955338092049","618343491","R"
"145","7800 Limonite Ave, Riverside, CA, 92509","Match","Exact","7800 LIMONITE AVE, RIVERSIDE, CA, 92509","-117.454177385278,33.97839105338","640664568","L"
"146","6060 Hamner Ave, Eastvale, CA, 91752","No_Match"
"147","8705 Trautwein Rd, Riverside, CA, 92508","Match","Exact","8705 TRAUTWEIN RD, RIVERSIDE, CA, 92508","-117.324895054543,33.891495462954","618342616","R"
"148","1299 University Ave, Ste 105, Riverside, CA, 92507","Match","Exact","1299 UNIVERSITY AVE, RIVERSIDE, CA, 92507","-117.33982188121,33.975754397414","638575019","R"
"149","10355 Magnolia Ave, Riverside, CA, 92505","Match","Exact","10355 MAGNOLIA AVE, RIVERSIDE, CA, 92505","-117.462416676067,33.911394992785","619788901","R"
"40","11570 4th St, Rancho Cucamonga, CA, 91730","Match","Exact","11570 4TH ST, RANCHO CUCAMONGA, CA, 91730","-117.552305908116,34.077319397811","144969648","L"
"41","1211 W Foothill Blvd, Upland, CA, 91786","Match","Exact","1211 W FOOTHILL BLVD, UPLAND, CA, 91786","-117.670552083945,34.107091401137","636518492","R"
"42","11159 Sierra Ave, Fontana, CA, 92337","Match","Exact","11159 SIERRA AVE, FONTANA, CA, 92337","-117.435450603018,34.050985571876","653170990","L"
"43","240 N Euclid Ave, Ontario, CA, 91762","Match","Exact","240 N EUCLID AVE, ONTARIO, CA, 91762","-117.650786875175,34.065096839299","144675759","R"
"44","5120 Moreno St, Montclair, CA, 91763","Match","Exact","5120 MORENO ST, MONTCLAIR, CA, 91763","-117.693416968284,34.088695404502","144982233","L"
"45","2500 S Grove Ave, Ontario, CA, 91761","Match","Exact","2500 S GROVE AVE, ONTARIO, CA, 91761","-117.628491214972,34.02825127412","144677091","R"
"46","14307 Baseline Ave, Fontana, CA, 92336","Match","Non_Exact","14307 BASELINE RD, FONTANA, CA, 92336","-117.492719522331,34.121394798054","657796994","R"
"47","10540 Foothill Blvd, Rancho Cucamonga, CA, 91730","Match","Exact","10540 FOOTHILL BLVD, RANCHO CUCAMONGA, CA, 91730","-117.574943259938,34.10661706053","636195512","R"
"48","12273 Highland Ave, Rancho Cucamonga, CA, 91739","Match","Exact","12273 HIGHLAND AVE, RANCHO CUCAMONGA, CA, 91739","-117.537956187531,34.135063804669","145229271","R"
"49","12455 Central Ave, Chino, CA, 91710","Match","Exact","12455 CENTRAL AVE, CHINO, CA, 91710","-117.689316167006,34.02715433198","144673005","L"
"150","7042 Archibald Ave, Eastvale, CA, 92880","Match","Exact","7042 ARCHIBALD AVE, EASTVALE, CA, 92880","-117.592971767729,33.960018317382","641622072","L"
"151","5225 Canyon Crest Dr, Ste 85, Riverside, CA, 92507","Match","Exact","5225 CANYON CREST DR, RIVERSIDE, CA, 92507","-117.329392533696,33.956600971659","195085599","R"
"152","3600 Tyler St, Riverside, CA, 92503","Match","Exact","3600 TYLER ST, RIVERSIDE, CA, 92503","-117.459139430695,33.909063847241","194836149","L"
"153","5395 Canyon Crest Dr, Riverside, CA, 92507","Match","Exact","5395 CANYON CREST DR, RIVERSIDE, CA, 92507","-117.329049975767,33.955049540068","195085599","R"
"154","5242 Arlington Ave, Riverside, CA, 92504","Match","Exact","5242 ARLINGTON AVE, RIVERSIDE, CA, 92504","-117.417248859459,33.946011813746","194739489","L"
"155","3520 Riverside Plaza Dr, Riverside, CA, 92506","Match","Non_Exact","3520 RIVERSIDE PLAZA RD, RIVERSIDE, CA, 92506","-117.38943680872,33.954215958168","633957508","R"
"156","5800 Van Buren Blvd, Ste 104, Riverside, CA, 92503","Match","Exact","5800 VAN BUREN BLVD, RIVERSIDE, CA, 92503","-117.45399962409,33.941282163672","194737281","L"
"157","19059 Van Buren Blvd, Riverside, CA, 92508","No_Match"
"158","3350 La Sierra Ave, Riverside, CA, 92503","Match","Exact","3350 LA SIERRA AVE, RIVERSIDE, CA, 92503","-117.470544335122,33.896416219872","618342233","L"
"159","9811 Magnolia Ave, Ste B, Riverside, CA, 92503","Match","Non_Exact","9811 MAGNOLIA AVE, RIVERSIDE, CA, 92503","-117.452507070682,33.917044282793","194740161","R"
"50","4141 Inland Empire Blvd Fl 3, Ontario, CA, 91764","Match","Exact","4141 INLAND EMPIRE BLVD, ONTARIO, CA, 91764","-117.560756407657,34.071267425956","144983167","L"
"51","1919 N Campus Ave, Upland, CA, 91784","Match","Exact","1919 N CAMPUS AVE, UPLAND, CA, 91784","-117.643098181917,34.132311942338","144674430","L"
"52","15282 Summit Ave, Fontana, CA, 92336","Match","Exact","15282 SUMMIT AVE, FONTANA, CA, 92336","-117.470105281131,34.150471384876","145229402","L"
"53","11205 Sierra Ave, Fontana, CA, 92337","Match","Exact","11205 SIERRA AVE, FONTANA, CA, 92337","-117.435453389745,34.050135621011","653170990","L"
"54","8071 Day Creek Blvd, Rancho Cucamonga, CA, 91739","Match","Exact","8071 DAY CREEK BLVD, RANCHO CUCAMONGA, CA, 91739","-117.537070695605,34.106999167791","636195114","L"
"55","151 W Base Line Rd, Rialto, CA, 92376","Match","Exact","151 W BASE LINE RD, RIALTO, CA, 92376","-117.371563342054,34.121313791204","144967760","L"
"56","16175 Sierra Lakes Pkwy, Fontana, CA, 92336","Match","Exact","16175 SIERRA LAKES PKWY, FONTANA, CA, 92336","-117.451972295498,34.138949166068","145229667","L"
"57","4240 E 4th St, Ontario, CA, 91764","Match","Exact","4240 E 4TH ST, ONTARIO, CA, 91764","-117.560291977936,34.077234666731","614811196","R"
"58","334 W 3rd St, San Bernardino, CA, 92401","Match","Exact","334 W 3RD ST, SAN BERNARDINO, CA, 92401","-117.290472398057,34.104634379916","144655470","R"
"59","190 W Foothill Blvd, Rialto, CA, 92376","Match","Exact","190 W FOOTHILL BLVD, RIALTO, CA, 92376","-117.372409056973,34.106839384296","144644651","R"
"160","9103 Mission Blvd, Riverside, CA, 92509","Match","Exact","9103 MISSION BLVD, RIVERSIDE, CA, 92509","-117.481899550821,34.011853401269","194732909","R"
"161","3625 Vine St, Riverside, CA, 92507","Match","Exact","3625 VINE ST, RIVERSIDE, CA, 92507","-117.366138876038,33.983187479152","195085564","R"
"162","3605 Central Ave, Riverside, CA, 92506","Match","Exact","3605 CENTRAL AVE, RIVERSIDE, CA, 92506","-117.390900240395,33.953637665826","194741623","R"
"163","3580 Tyler St, Riverside, CA, 92503","Match","Exact","3580 TYLER ST, RIVERSIDE, CA, 92503","-117.458799472441,33.90864265854","194836148","L"
"164","1651 University Ave, Riverside, CA, 92507","Match","Exact","1651 UNIVERSITY AVE, RIVERSIDE, CA, 92507","-117.347410742379,33.97574539784","194746013","R"
"165","1095 N Garey Ave, Pomona, CA, 91767","Match","Exact","1095 N GAREY AVE, POMONA, CA, 91767","-117.752116165299,34.068626034205","141733675","L"
"166","102 Yale Ave, Claremont, CA, 91711","Match","Non_Exact","102 N YALE AVE, CLAREMONT, CA, 91711","-117.717830004969,34.094768898741","141734673","R"
"167","223 W Foothill Blvd, Claremont, CA, 91711","No_Match"
"168","358 W Foothill Blvd, Claremont, CA, 91711","Match","Exact","358 W FOOTHILL BLVD, CLAREMONT, CA, 91711","-117.719471786463,34.106928384004","241246365","L"
"169","390 W Foothill Blvd, Claremont, CA, 91711","Match","Exact","390 W FOOTHILL BLVD, CLAREMONT, CA, 91711","-117.720009519912,34.10692281256","241246365","L"
"60","296 W Highland Ave, San Bernardino, CA, 92405","Match","Exact","296 W HIGHLAND AVE, SAN BERNARDINO, CA, 92405","-117.289564764581,34.136026376283","144993858","R"
"61","811 W Foothill Blvd, Upland, CA, 91786","Match","Exact","811 W FOOTHILL BLVD, UPLAND, CA, 91786","-117.66110238935,34.107037400608","144670118","R"
"62","14245 Pipeline Ave, Chino, CA, 91710","Match","Exact","14245 PIPELINE AVE, CHINO, CA, 91710","-117.715076799031,33.99425958712","144732981","L"
"63","1551 S Grove Ave, Ontario, CA, 91761","Match","Exact","1551 S GROVE AVE, ONTARIO, CA, 91761","-117.628504661887,34.045797932524","614823185","L"
"64","8229 Rochester Ave, Rancho Cucamonga, CA, 91730","Match","Exact","8229 ROCHESTER AVE, RANCHO CUCAMONGA, CA, 91730","-117.545625604204,34.104159088748","144986400","L"
"65","300 N Mountain Ave, Upland, CA, 91786","Match","Exact","300 N MOUNTAIN AVE, UPLAND, CA, 91786","-117.670093646164,34.097226203407","144671986","R"
"66","870 N Mountain Ave, Upland, CA, 91786","Match","Exact","870 N MOUNTAIN AVE, UPLAND, CA, 91786","-117.670132241501,34.10463193395","638618450","R"
"67","2020 E Highland Ave, San Bernardino, CA, 92404","Match","Exact","2020 E HIGHLAND AVE, SAN BERNARDINO, CA, 92404","-117.243205401379,34.135922525217","144995216","L"
"68","8730 19th St, Rancho Cucamonga, CA, 91701","Match","Exact","8730 19TH ST, RANCHO CUCAMONGA, CA, 91701","-117.615488984133,34.132680172448","144634084","L"
"69","330 N D St, San Bernardino, CA, 92401","Match","Exact","330 N D ST, SAN BERNARDINO, CA, 92401","-117.291978300841,34.1051582893","144655449","L"
"170","269 W Bonita Ave, Claremont, CA, 91711","Match","Exact","269 W BONITA AVE, CLAREMONT, CA, 91711","-117.717280667992,34.096667698729","142791496","R"
"171","444 S Garey Ave, Pomona, CA, 91766","Match","Exact","444 S GAREY AVE, POMONA, CA, 91766","-117.749998383225,34.055614969586","141733924","L"
"172","339 Yale Ave, Claremont, CA, 91711","Match","Non_Exact","339 N YALE AVE, CLAREMONT, CA, 91711","-117.717947481364,34.097007251963","141734661","L"
"173","321 E Holt Ave, Pomona, CA, 91767","Match","Exact","321 E HOLT AVE, POMONA, CA, 91767","-117.745673671445,34.062547889883","625163052","L"
"174","203 Yale Ave, Claremont, CA, 91711","Match","Non_Exact","203 N YALE AVE, CLAREMONT, CA, 91711","-117.717959387859,34.095715161331","141734663","L"
"175","100 W 2nd St, Pomona, CA, 91766","Match","Exact","100 W 2ND ST, POMONA, CA, 91766","-117.750226705631,34.05778955348","141733879","L"
"176","400 N Indian Hill Blvd, Claremont, CA, 91711","Match","Exact","400 N INDIAN HILL BLVD, CLAREMONT, CA, 91711","-117.719254624435,34.098095010505","142791485","R"
"177","805 W Foothill Blvd, Claremont, CA, 91711","No_Match"
"178","101 W Mission Blvd, Ste 105, Pomona, CA, 91766","Match","Exact","101 W MISSION BLVD, POMONA, CA, 91766","-117.750119097923,34.055168664669","141733925","R"
"179","393 W Foothill Blvd, Claremont, CA, 91711","No_Match"
"70","101 E Foothill Blvd, Rialto, CA, 92376","Match","Exact","101 E FOOTHILL BLVD, RIALTO, CA, 92376","-117.370196758493,34.106715792787","145226430","R"
"71","315 W Highland Ave, San Bernardino, CA, 92405","Match","Exact","315 W HIGHLAND AVE, SAN BERNARDINO, CA, 92405","-117.290045074077,34.135911784926","144993881","L"
"72","31 W Foothill Blvd, Upland, CA, 91786","Match","Exact","31 W FOOTHILL BLVD, UPLAND, CA, 91786","-117.656468130629,34.107055400344","657833339","R"
"73","14518 Baseline Ave, Fontana, CA, 92336","Match","Exact","14518 BASELINE AVE, FONTANA, CA, 92336","-117.488068771225,34.121513702841","144991174","L"
"74","12193 Central Ave, Chino, CA, 91710","Match","Exact","12193 CENTRAL AVE, CHINO, CA, 91710","-117.689375228187,34.03241981292","144672987","L"
"75","16879 Sierra Lakes Pkwy, Fontana, CA, 92336","Match","Exact","16879 SIERRA LAKES PKWY, FONTANA, CA, 92336","-117.437036425422,34.139640363109","145000913","R"
"76","2633 E Riverside Dr, Ontario, CA, 91761","Match","Exact","2633 E RIVERSIDE DR, ONTARIO, CA, 91761","-117.594640113736,34.019226679909","145226000","L"
"77","1905 N Campus Ave, Upland, CA, 91784","Match","Exact","1905 N CAMPUS AVE, UPLAND, CA, 91784","-117.642990035203,34.131729126534","144674430","L"
"78","8108 Milliken Ave, Rancho Cucamonga, CA, 91730","Match","Exact","8108 MILLIKEN AVE, RANCHO CUCAMONGA, CA, 91730","-117.557060241827,34.106259409627","614821615","L"
"79","15320 Summit Ave, Fontana, CA, 92336","Match","Exact","15320 SUMMIT AVE, FONTANA, CA, 92336","-117.468962293478,34.150468896706","145229402","L"
"180","705 W Arrow Hwy, Claremont, CA, 91711","Match","Exact","705 W ARROW HWY, CLAREMONT, CA, 91711","-117.725762192239,34.09053691988","241164615","R"
"181","6365 Valley Springs Pkwy, Riverside, CA, 92507","Match","Exact","6365 VALLEY SPRINGS PKWY, RIVERSIDE, CA, 92507","-117.286736525513,33.935813516002","194855990","L"
"182","4190 E 4th St Ste A, Ontario, CA, 91764","Match","Non_Exact","4190 E 4TH ST, ONTARIO, CA, 91764","-117.561962346576,34.077239536705","614811196","R"
"183","1049 Harriman Pl, San Bernardino, CA, 92408","Match","Exact","1049 HARRIMAN PL, SAN BERNARDINO, CA, 92408","-117.266197287945,34.065711791595","144981541","R"
"184","9389 Cherry Ave, Fontana, CA, 92335","Match","Exact","9389 CHERRY AVE, FONTANA, CA, 92335","-117.488780759077,34.083432802133","144999182","L"
"185","9040 Benson Ave, Montclair, CA, 91763","Match","Non_Exact","9040 N BENSON AVE, MONTCLAIR, CA, 91762","-117.680818222725,34.087498834483","144669606","R"
"186","599 N E St, San Bernardino, CA, 92401","Match","Exact","599 N E ST, SAN BERNARDINO, CA, 92401","-117.294097718341,34.109802418722","648269689","R"
"187","1270 Renaissance Pkwy, Rialto, CA, 92376","No_Match"
"188","975 N Haven Ave, Ontario, CA, 91764","Match","Exact","975 N HAVEN AVE, ONTARIO, CA, 91764","-117.575784516121,34.076692360245","144734954","R"
"189","420 E Hospitality Ln Ste A6, San Bernardino, CA, 92408","Match","Exact","420 E HOSPITALITY LN, SAN BERNARDINO, CA, 92408","-117.275606178866,34.066498822292","144981546","R"
"80","7033 Schaefer Ave, 1a, Chino, CA, 91710","Match","Non_Exact","7033 SCHAEFER AVE, CHINO, CA, 91710","-117.651958957957,34.00474515146","638615516","R"
"81","16120 Foothill Blvd, Fontana, CA, 92335","Match","Exact","16120 FOOTHILL BLVD, FONTANA, CA, 92335","-117.451382904134,34.106625024339","636194236","L"
"82","959 Kendall Dr, San Bernardino, CA, 92407","Match","Non_Exact","959 W KENDALL DR, SAN BERNARDINO, CA, 92407","-117.304328086432,34.163603293929","144651499","L"
"83","9700 19th St, Rancho Cucamonga, CA, 91737","Match","Exact","9700 19TH ST, RANCHO CUCAMONGA, CA, 91737","-117.593545196841,34.132786393877","144635184","L"
"84","2005 E Washington St, Colton, CA, 92324","Match","Non_Exact","2005 E WASHINGTON ST N, COLTON, CA, 92324","-117.292882429589,34.04867508977","616147915","L"
"85","1070 N Mountain Ave, Ontario, CA, 91762","Match","Exact","1070 N MOUNTAIN AVE, ONTARIO, CA, 91762","-117.670035511691,34.077321314686","144672143","R"
"86","17042 Slover Ave, Fontana, CA, 92337","Match","Exact","17042 SLOVER AVE, FONTANA, CA, 92337","-117.432986931716,34.063090392692","641655102","L"
"87","3800 Grand Ave, Chino, CA, 91710","No_Match"
"88","10598 Base Line Rd, Rancho Cucamonga, CA, 91701","Match","Non_Exact","10598 BASELINE RD, RANCHO CUCAMONGA, CA, 91701","-117.574071439749,34.121572065698","144969763","L"
"89","3470 E Ontario Ranch Rd, Ontario, CA, 91761","Match","Non_Exact","3470 ONTARIO RANCH RD, ONTARIO, CA, 91761","-117.576952787953,34.00069785068","651253879","R"
"190","11498 Pierce St Ste D, Riverside, CA, 92505","Match","Non_Exact","11498 PIERCE ST, RIVERSIDE, CA, 92505","-117.494792818039,33.916232859292","194861295","L"
"191","1365 E 19th St Ste F, Upland, CA, 91784","Match","Non_Exact","1365 E 19TH ST, UPLAND, CA, 91784","-117.631513659275,34.13263427376","614822512","L"
"192","17235 Arrow Blvd, Fontana, CA, 92335","Match","Exact","17235 ARROW BLVD, FONTANA, CA, 92335","-117.428869295545,34.09927279695","144642575","R"
"193","145 E Mill St, San Bernardino, CA, 92408","Match","Exact","145 E MILL ST, SAN BERNARDINO, CA, 92408","-117.283765357322,34.092099789571","144659151","R"
"194","202 W B St, Ontario, CA, 91762","Match","Exact","202 W B ST, ONTARIO, CA, 91762","-117.652497131785,34.064638404901","144675694","R"
"195","3530 POMONA BLVD, Pomona, CA, 91768","Match","Exact","3530 POMONA BLVD, POMONA, CA, 91768","-117.811378371917,34.0467462524","141730320","L"
"196","1520 N Palmetto Ave, Ontario, CA, 91762","Match","Exact","1520 N PALMETTO AVE, ONTARIO, CA, 91762","-117.667165459247,34.08544443788","144672111","R"
"197","11563 Foothill Blvd Ste 101, Rancho Cucamonga, CA, 91730","Match","Exact","11563 FOOTHILL BLVD, RANCHO CUCAMONGA, CA, 91730","-117.552543414174,34.106337803145","614820514","R"
"198","1024 W Foothill Blvd, Upland, CA, 91786","Match","Exact","1024 W FOOTHILL BLVD, UPLAND, CA, 91786","-117.664827148193,34.106913809436","144670118","L"
"199","1014 W Foothill Blvd Ste C, Upland, CA, 91786","Match","Non_Exact","1014 W FOOTHILL BLVD, UPLAND, CA, 91786","-117.66470463066,34.106913809429","144670118","L"
"90","22729 Barton Rd, Grand Terrace, CA, 92313","Match","Exact","22729 BARTON RD, GRAND TERRACE, CA, 92313","-117.308379224629,34.034877528289","144658781","R"
"91","815 W Holt Blvd, Ontario, CA, 91762","Match","Exact","815 W HOLT BLVD, ONTARIO, CA, 91762","-117.663631229579,34.063274416864","144672465","L"
"92","4261 Inland Empire Blvd Ste 102, Ontario, CA, 91764","Match","Exact","4261 INLAND EMPIRE BLVD, ONTARIO, CA, 91764","-117.558740932887,34.071937398783","144983167","L"
"93","4594 University Pkwy, San Bernardino, CA, 92407","Match","Exact","4594 UNIVERSITY PKWY, SAN BERNARDINO, CA, 92407","-117.333046982049,34.169451642537","144967344","L"
"94","3075 S Archibald Ave, Ontario, CA, 91761","Match","Exact","3075 S ARCHIBALD AVE, ONTARIO, CA, 91761","-117.593107545088,34.017764623551","653202552","L"
"95","12801 Central Ave, Chino, CA, 91710","Match","Exact","12801 CENTRAL AVE, CHINO, CA, 91710","-117.689265386027,34.020916909581","638618435","L"
"96","20 E Foothill Blvd, Upland, CA, 91786","Match","Exact","20 E FOOTHILL BLVD, UPLAND, CA, 91786","-117.650734646134,34.106940808635","616549852","R"
"97","9696 Base Line Rd, Rancho Cucamonga, CA, 91701","Match","Non_Exact","9696 BASELINE RD, RANCHO CUCAMONGA, CA, 91701","-117.593593136825,34.121590395143","144635635","L"
"98","6644 Carnelian St, Rancho Cucamonga, CA, 91701","Match","Exact","6644 CARNELIAN ST, RANCHO CUCAMONGA, CA, 91701","-117.616274386701,34.133616615203","145228716","R"
"99","9090 Central Ave, Montclair, CA, 91763","Match","Exact","9090 CENTRAL AVE, MONTCLAIR, CA, 91763","-117.68967308724,34.088907203411","640047780","R"
"200","9692 Haven Ave, Rancho Cucamonga, CA, 91730","Match","Exact","9692 HAVEN AVE, RANCHO CUCAMONGA, CA, 91730","-117.575778457173,34.078049029634","614815131","R"
"201","1880 N Garey Ave Ste A, Pomona, CA, 91767","Match","Non_Exact","1880 N GAREY AVE, POMONA, CA, 91767","-117.752572747817,34.080297152145","141733257","R"
"202","3110 INLAND EMPIRE BLVD STE A, Ontario, CA, 91764","Match","Non_Exact","3110 INLAND EMPIRE BLVD, ONTARIO, CA, 91764","-117.584238533598,34.07013080903","144637540","R"
"203","10910 Foothill Blvd, Rancho Cucamonga, CA, 91730","Match","Exact","10910 FOOTHILL BLVD, RANCHO CUCAMONGA, CA, 91730","-117.566571888604,34.106621833511","636195402","R"
"204","4204 Riverwalk Pkwy Ste 100, Riverside, CA, 92505","Match","Exact","4204 RIVERWALK PKWY, RIVERSIDE, CA, 92505","-117.494784076088,33.901415834528","608986031","L"
"205","161 E 40th St, San Bernardino, CA, 92404","Match","Exact","161 E 40TH ST, SAN BERNARDINO, CA, 92404","-117.283379355709,34.164837781251","144653993","R"
"206","4005 Grand Ave Ste D, Chino, CA, 91710","Match","Non_Exact","4005 GRAND AVE, CHINO, CA, 91710","-117.717095692619,33.997252158717","641280594","L"
"207","1895 N Campus Ave Ste C, Upland, CA, 91784","Match","Non_Exact","1895 N CAMPUS AVE, UPLAND, CA, 91784","-117.642718751345,34.131383291315","144674430","L"
"208","3801 W Temple Ave Bldg 66, Pomona, CA, 91768","Match","Exact","3801 W TEMPLE AVE, POMONA, CA, 91768","-117.815631058623,34.049761995229","642863410","L"
"209","5225 Canyon Crest Dr, Riverside, CA, 92507","Match","Exact","5225 CANYON CREST DR, RIVERSIDE, CA, 92507","-117.329392533696,33.956600971659","195085599","R"
"210","401 W 2nd St, San Bernardino, CA, 92401","Match","Exact","401 W 2ND ST, SAN BERNARDINO, CA, 92401","-117.291990165383,34.102674788828","144655467","L"
"211","2855 E Guasti RD STE 202, Ontario, CA, 91761","Match","Exact","2855 E GUASTI RD, ONTARIO, CA, 91761","-117.590078235487,34.066058245829","647989800","L"
"212","8750 Central Ave, Montclair, CA, 91763","Match","Exact","8750 CENTRAL AVE, MONTCLAIR, CA, 91763","-117.689680280939,34.094725095814","145225829","R"
"213","2847 Campus Pkwy, Riverside, CA, 92507","Match","Exact","2847 CAMPUS PKWY, RIVERSIDE, CA, 92507","-117.28090781632,33.937558705758","194855974","L"
"214","6403 Riverside Ave, Riverside, CA, 92506","Match","Exact","6403 RIVERSIDE AVE, RIVERSIDE, CA, 92506","-117.38801553746,33.950798109349","194741807","R"
"215","2692 Canyon Springs Pkwy Ste C, Riverside, CA, 92507","Match","Non_Exact","2692 CANYON SPRINGS PKWY, RIVERSIDE, CA, 92507","-117.28235146032,33.940956126915","194870587","R"
"216","3451 14th St, Riverside, CA, 92501","Match","Exact","3451 14TH ST, RIVERSIDE, CA, 92501","-117.375225386913,33.974809918018","194742137","R"
"217","10725 Magnolia Ave, Riverside, CA, 92505","Match","Exact","10725 MAGNOLIA AVE, RIVERSIDE, CA, 92505","-117.469376367944,33.90745722613","194737537","R"
"218","1616 University Ave, Riverside, CA, 92507","Match","Exact","1616 UNIVERSITY AVE, RIVERSIDE, CA, 92507","-117.346698061758,33.975630806416","194746013","L"
"219","5010 Hamner Ave Ste 120, Eastvale, CA, 91752","Match","Exact","5010 HAMNER AVE, EASTVALE, CA, 91752","-117.558357359323,33.996848536535","646289621","R"
"220","17094 Van Buren Blvd, Riverside, CA, 92504","Match","Exact","17094 VAN BUREN BLVD, RIVERSIDE, CA, 92504","-117.365232621669,33.882437296643","194744559","L"
"100","333 N Euclid Ave, Ontario, CA, 91762","Match","Exact","333 N EUCLID AVE, ONTARIO, CA, 91762","-117.651306076602,34.066218782975","636199762","L"
"221","8686 Haven Ave, Rancho Cucamonga, CA, 91730","Match","Exact","8686 HAVEN AVE, RANCHO CUCAMONGA, CA, 91730","-117.57586527407,34.095670536067","144637614","R"
"101","4061 Grand Ave, Chino, CA, 91710","Match","Exact","4061 GRAND AVE, CHINO, CA, 91710","-117.715974608746,33.997104824696","641280594","L"
"222","1432 S Riverside Ave, Rialto, CA, 92376","Match","Exact","1432 S RIVERSIDE AVE, RIALTO, CA, 92376","-117.370384631674,34.075112158479","635474419","R"
"102","7400 Cherry Ave, Fontana, CA, 92336","Match","Exact","7400 CHERRY AVE, FONTANA, CA, 92336","-117.488622144215,34.119801798002","636686572","R"
"223","6135 Van Buren Blvd, Riverside, CA, 92503","Match","Exact","6135 VAN BUREN BLVD, RIVERSIDE, CA, 92503","-117.453839116905,33.944161142316","194736394","R"
"103","2280 S Grove Ave, Ontario, CA, 91761","Match","Exact","2280 S GROVE AVE, ONTARIO, CA, 91761","-117.628522405162,34.032837118385","144677085","R"
"104","6989 Schaefer Ave, Chino, CA, 91710","Match","Exact","6989 SCHAEFER AVE, CHINO, CA, 91710","-117.652619511382,34.004741823772","638615516","R"
"225","81 W Foothill Blvd, Upland, CA, 91786","Match","Exact","81 W FOOTHILL BLVD, UPLAND, CA, 91786","-117.656746504889,34.10705540036","657833339","R"
"105","6351 Haven Ave, Rancho Cucamonga, CA, 91737","Match","Exact","6351 HAVEN AVE, RANCHO CUCAMONGA, CA, 91737","-117.575772773465,34.138745551607","655814984","L"
"226","16944 S Highland Ave, Fontana, CA, 92336","Match","Exact","16944 S HIGHLAND AVE, FONTANA, CA, 92336","-117.434838999211,34.133616971825","614818453","R"
"106","15222 Summit Ave, Fontana, CA, 92336","Match","Exact","15222 SUMMIT AVE, FONTANA, CA, 92336","-117.468983633337,34.150468980722","145229402","L"
"227","6170 Hamner Ave, Eastvale, CA, 91752","No_Match"
"107","11551 Foothill Blvd, Rancho Cucamonga, CA, 91730","Match","Exact","11551 FOOTHILL BLVD, RANCHO CUCAMONGA, CA, 91730","-117.552919538154,34.10633886969","614820513","R"
"228","575 E Hospitality Ln, San Bernardino, CA, 92408","Match","Exact","575 E HOSPITALITY LN, SAN BERNARDINO, CA, 92408","-117.272598242982,34.065824850048","657776003","L"
"108","290 E Highland Ave, San Bernardino, CA, 92404","Match","Exact","290 E HIGHLAND AVE, SAN BERNARDINO, CA, 92404","-117.279098861706,34.135990375695","144655169","L"
"229","5275 Holt Blvd, Montclair, CA, 91763","Match","Exact","5275 HOLT BLVD, MONTCLAIR, CA, 91763","-117.690196856091,34.063194760005","144671646","R"
"109","2115 W Baseline Rd, Upland, CA, 91784","No_Match"
